eia_id,phmsa_id,phmsa_stop,state,year,operator,eia_name,phmsa_name,ownership,match_status,predecessor_of,phmsa_report_role,n_phmsa_reports,n_phmsa_operators,combined_report,on_map,territory_name,fid,Residential Sales [VL],Residential Sales [CS],Residential Sales [CT],Commercial Sales [VL],Commercial Sales [CS],Commercial Sales [CT],Industrial Sales [VL],Industrial Sales [CS],Industrial Sales [CT],Electric Power Sales [VL],Electric Power Sales [CS],Electric Power Sales [CT],Vehicle Fuel Sales [VL],Vehicle Fuel Sales [CS],Vehicle Fuel Sales [CT],Total Supply [VL],Total Disposition [VL],Losses from Leaks [VL],MMILES_TOTAL,NUM_SRVCS_TOTAL,MMILES_STEEL_UNP_BARE,MMILES_STEEL_UNP_COATED,MMILES_STEEL_CP_BARE,MMILES_STEEL_CP_COATED,MMILES_PLASTIC,MMILES_CI,MMILES_CI_WR_TOTAL,MMILES_RCI,MMILES_DI,MMILES_CU,MMILES_OTHER,MMILES_PE_TOTAL,MMILES_ABS_TOTAL,MMILES_OTH_PLSTC_TOTAL,NUM_SRVS_STEEL_UNP_BARE,NUM_SRVS_STEEL_UNP_COATED,NUM_SRVS_STEEL_CP_BARE,NUM_SRVS_STEEL_CP_COATED,NUM_SRVS_PLASTIC,NUM_SRVS_CI,NUM_SRVS_CI_WR_TOTAL,NUM_SRVS_RCI,NUM_SRVS_DI,NUM_SRVS_CU,NUM_SRVS_OTHER,MMILES_BY_DCD_UNK,MMILES_BY_DCD_PRE1940,MMILES_BY_DCD_1940_TO_1949,MMILES_BY_DCD_1950_TO_1959,MMILES_BY_DCD_1960_TO_1969,MMILES_BY_DCD_1970_TO_1979,MMILES_BY_DCD_1980_TO_1989,MMILES_BY_DCD_1990_TO_1999,MMILES_BY_DCD_2000_TO_2009,MMILES_BY_DCD_2010_TO_2019,MMILES_BY_DCD_2020_TO_2029,MMILES_BY_DCD_TOTAL,NUM_SRVS_BY_DCD_UNK,NUM_SRVS_BY_DCD_PRE1940,NUM_SRVS_BY_DCD_1940_TO_1949,NUM_SRVS_BY_DCD_1950_TO_1959,NUM_SRVS_BY_DCD_1960_TO_1969,NUM_SRVS_BY_DCD_1970_TO_1979,NUM_SRVS_BY_DCD_1980_TO_1989,NUM_SRVS_BY_DCD_1990_TO_1999,NUM_SRVS_BY_DCD_2000_TO_2009,NUM_SRVS_BY_DCD_2010_TO_2019,NUM_SRVS_BY_DCD_2020_TO_2029,NUM_SRVS_BY_DCD_TOTAL,PARTDTOTDAMAGES,PARTDTOTTICKETS,PERCENT_UNACC_GAS
17602261WY,10030,CO KS NE WY,WY,1997,BLACK HILLS ENERGY,BLACK HILLS ENERGY,SOURCEGAS LLC,nan,matched,,additional,2,3,yes,yes,BLACK HILLS ENERGY,eia:17602261WY,,,,,,,,,,,,,,,,,,,9040.0,246253.0,21.0,0.0,893.0,5260.0,2866.0,0.0,0.0,,0.0,0.0,0.0,917.0,254.0,0.0,4425.0,4340.0,1507.0,198939.0,37042.0,0.0,0.0,,0.0,0.0,0.0,,,,,,,,,,,,,,,,,,,,,,,,,,,3.1
17602261WY,10030,CO KS NE WY,WY,1997,BLACK HILLS ENERGY,BLACK HILLS ENERGY,SOURCEGAS LLC,nan,matched,,primary,2,3,yes,yes,BLACK HILLS ENERGY,eia:17602261WY,2432065.0,8453931.0,25069.0,1926426.0,5281353.0,2653.0,564.0,1656.0,1.0,,,,,,,18448972.0,18021400.0,,9040.0,246253.0,21.0,0.0,893.0,5260.0,2866.0,0.0,0.0,,0.0,0.0,0.0,917.0,254.0,0.0,4425.0,4340.0,1507.0,198939.0,37042.0,0.0,0.0,,0.0,0.0,0.0,,,,,,,,,,,,,,,,,,,,,,,,,,,3.1
17602261WY,2332,WY,WY,1997,BLACK HILLS ENERGY,BLACK HILLS ENERGY,CHEYENNE LIGHT FUEL & POWER,nan,matched,,primary,1,3,no,yes,BLACK HILLS ENERGY,eia:17602261WY,,,,,,,,,,,,,,,,,,,541.0,24313.0,4.0,1.0,0.0,253.0,279.0,4.0,4.0,,0.0,0.0,0.0,257.0,0.0,0.0,284.0,0.0,0.0,12837.0,11192.0,0.0,0.0,,0.0,0.0,0.0,,,,,,,,,,,,,,,,,,,,,,,,,,,-0.38
17602261WY,2537,WY,WY,1997,BLACK HILLS ENERGY,BLACK HILLS ENERGY,"BLACK HILLS NORTHWEST WYOMING GAS UTILITY COMPANY, LLC",nan,matched,,primary,1,3,no,yes,BLACK HILLS ENERGY,eia:17602261WY,,,,,,,,,,,,,,,,,,,273.0,5766.0,0.0,0.0,124.0,90.0,59.0,0.0,0.0,,0.0,0.0,0.0,0.0,0.0,0.0,0.0,0.0,670.0,3349.0,1747.0,0.0,0.0,,0.0,0.0,0.0,,,,,,,,,,,,,,,,,,,,,,,,,,,1.0
17602261WY,10030,CO NE WY,WY,1998,BLACK HILLS ENERGY,BLACK HILLS ENERGY,SOURCEGAS LLC,nan,matched,,primary,1,3,yes,yes,BLACK HILLS ENERGY,eia:17602261WY,2471739.0,10627627.0,25594.0,2160662.0,7222405.0,2706.0,,,,,,,,,,19063401.0,18950159.0,,9097.0,249152.0,21.0,0.0,893.0,5263.0,2920.0,0.0,0.0,,0.0,0.0,0.0,971.0,254.0,0.0,4425.0,4340.0,1507.0,199110.0,39770.0,0.0,0.0,,0.0,0.0,0.0,,,,,,,,,,,,,,,,,,,,,,,,,,,-2.3
17602261WY,2332,WY,WY,1998,BLACK HILLS ENERGY,BLACK HILLS ENERGY,CHEYENNE LIGHT FUEL & POWER,nan,matched,,primary,1,3,no,yes,BLACK HILLS ENERGY,eia:17602261WY,,,,,,,,,,,,,,,,,,,579.0,24802.0,0.0,0.0,0.0,258.0,321.0,0.0,0.0,,0.0,0.0,0.0,301.0,0.0,0.0,243.0,0.0,0.0,12810.0,11749.0,0.0,0.0,,0.0,0.0,0.0,,,,,,,,,,,,,,,,,,,,,,,,,,,0.04
17602261WY,2537,WY,WY,1998,BLACK HILLS ENERGY,BLACK HILLS ENERGY,"BLACK HILLS NORTHWEST WYOMING GAS UTILITY COMPANY, LLC",nan,matched,,primary,1,3,no,yes,BLACK HILLS ENERGY,eia:17602261WY,,,,,,,,,,,,,,,,,,,274.0,5889.0,0.0,0.0,115.0,90.0,69.0,0.0,0.0,,0.0,0.0,0.0,0.0,0.0,0.0,0.0,0.0,638.0,3293.0,1958.0,0.0,0.0,,0.0,0.0,0.0,,,,,,,,,,,,,,,,,,,,,,,,,,,1.0
17602261WY,10030,CO NE WY,WY,1999,BLACK HILLS ENERGY,BLACK HILLS ENERGY,SOURCEGAS LLC,nan,matched,,primary,1,3,yes,yes,BLACK HILLS ENERGY,eia:17602261WY,2482836.0,11089784.0,25994.0,2180442.0,7591907.0,2683.0,,,,,,,,,,19564311.0,19355715.0,,9176.0,252528.0,21.0,0.0,893.0,5280.0,2982.0,0.0,0.0,,0.0,0.0,0.0,1033.0,254.0,0.0,4425.0,4340.0,1507.0,199310.0,42946.0,0.0,0.0,,0.0,0.0,0.0,,,,,,,,,,,,,,,,,,,,,,,,,,,4.5
17602261WY,2332,WY,WY,1999,BLACK HILLS ENERGY,BLACK HILLS ENERGY,CHEYENNE LIGHT FUEL & POWER,nan,matched,,primary,1,3,no,yes,BLACK HILLS ENERGY,eia:17602261WY,,,,,,,,,,,,,,,,,,,589.0,25472.0,0.0,0.0,0.0,256.0,333.0,0.0,0.0,,0.0,0.0,0.0,313.0,0.0,0.0,19.0,0.0,0.0,12911.0,12542.0,0.0,0.0,,0.0,0.0,0.0,,,,,,,,,,,,,,,,,,,,,,,,,,,0.25
17602261WY,2537,WY,WY,1999,BLACK HILLS ENERGY,BLACK HILLS ENERGY,"BLACK HILLS NORTHWEST WYOMING GAS UTILITY COMPANY, LLC",nan,matched,,primary,1,3,no,yes,BLACK HILLS ENERGY,eia:17602261WY,,,,,,,,,,,,,,,,,,,288.0,5996.0,0.0,0.0,101.0,93.0,94.0,0.0,0.0,,0.0,0.0,0.0,0.0,0.0,0.0,0.0,0.0,474.0,3301.0,2221.0,0.0,0.0,,0.0,0.0,0.0,,,,,,,,,,,,,,,,,,,,,,,,,,,1.0
17602261WY,10030,CO NE WY,WY,2000,BLACK HILLS ENERGY,BLACK HILLS ENERGY,SOURCEGAS LLC,nan,matched,,primary,1,3,yes,yes,BLACK HILLS ENERGY,eia:17602261WY,2005568.0,13087670.0,26415.0,1726025.0,8810902.0,2675.0,,,,,,,,,,16854283.0,16253784.0,,7378.0,224973.0,21.0,0.0,853.0,4456.0,2048.0,0.0,0.0,,0.0,0.0,0.0,1061.0,254.0,0.0,4425.0,4340.0,1157.0,172253.0,42798.0,0.0,0.0,,0.0,0.0,0.0,,,,,,,,,,,,,,,,,,,,,,,,,,,0.0
17602261WY,2332,WY,WY,2000,BLACK HILLS ENERGY,BLACK HILLS ENERGY,CHEYENNE LIGHT FUEL & POWER,nan,matched,,primary,1,3,no,yes,BLACK HILLS ENERGY,eia:17602261WY,,,,,,,,,,,,,,,,,,,600.0,26134.0,0.0,0.0,0.0,256.0,344.0,0.0,0.0,,0.0,0.0,0.0,324.0,0.0,0.0,15.0,0.0,0.0,12899.0,13220.0,0.0,0.0,,0.0,0.0,0.0,,,,,,,,,,,,,,,,,,,,,,,,,,,0.08
17602261WY,2537,WY,WY,2000,BLACK HILLS ENERGY,BLACK HILLS ENERGY,"BLACK HILLS NORTHWEST WYOMING GAS UTILITY COMPANY, LLC",nan,matched,,primary,1,3,no,yes,BLACK HILLS ENERGY,eia:17602261WY,,,,,,,,,,,,,,,,,,,293.0,6078.0,0.0,0.0,92.0,93.0,108.0,0.0,0.0,,0.0,0.0,0.0,0.0,0.0,0.0,0.0,0.0,444.0,3308.0,2326.0,0.0,0.0,,0.0,0.0,0.0,,,,,,,,,,,,,,,,,,,,,,,,,,,2.0
17602261WY,10030,CO NE WY,WY,2001,BLACK HILLS ENERGY,BLACK HILLS ENERGY,SOURCEGAS LLC,nan,matched,,primary,1,3,yes,yes,BLACK HILLS ENERGY,eia:17602261WY,1983772.0,20027060.0,26643.0,1693724.0,14774517.0,2661.0,,,,,,,,,,14701116.0,14675722.0,,8093.0,240607.0,11.0,0.0,912.0,4911.0,2259.0,0.0,0.0,,0.0,0.0,0.0,1270.0,0.0,0.0,3921.0,3827.0,1094.0,181417.0,50348.0,0.0,0.0,,0.0,0.0,0.0,,,,,,,,,,,,,,,,,,,,,,,,,,,0.4
17602261WY,2332,WY,WY,2001,BLACK HILLS ENERGY,BLACK HILLS ENERGY,CHEYENNE LIGHT FUEL & POWER,nan,matched,,primary,1,3,no,yes,BLACK HILLS ENERGY,eia:17602261WY,,,,,,,,,,,,,,,,,,,604.0,26621.0,0.0,0.0,0.0,255.0,349.0,0.0,0.0,,0.0,0.0,0.0,329.0,0.0,0.0,6.0,0.0,0.0,12865.0,13750.0,0.0,0.0,,0.0,0.0,0.0,,,,,,,,,,,,,,,,,,,,,,,,,,,0.74
17602261WY,2537,WY,WY,2001,BLACK HILLS ENERGY,BLACK HILLS ENERGY,"BLACK HILLS NORTHWEST WYOMING GAS UTILITY COMPANY, LLC",nan,matched,,primary,1,3,no,yes,BLACK HILLS ENERGY,eia:17602261WY,,,,,,,,,,,,,,,,,,,297.0,6127.0,0.0,0.0,78.0,93.0,126.0,0.0,0.0,,0.0,0.0,0.0,0.0,0.0,0.0,0.0,0.0,368.0,3317.0,2442.0,0.0,0.0,,0.0,0.0,0.0,,,,,,,,,,,,,,,,,,,,,,,,,,,1.36
17602261WY,10030,CO NE WY,WY,2002,BLACK HILLS ENERGY,BLACK HILLS ENERGY,SOURCEGAS LLC,nan,matched,,primary,1,3,yes,yes,BLACK HILLS ENERGY,eia:17602261WY,,,,,,,,,,,,,,,,,,,28470.0,240696.0,5.0,0.0,983.0,5106.0,22376.0,0.0,0.0,,0.0,0.0,0.0,1302.0,0.0,0.0,3756.0,382.0,1030.0,180940.0,54588.0,0.0,0.0,,0.0,0.0,0.0,,,,,,,,,,,,,,,,,,,,,,,,,,,
17602261WY,2332,WY,WY,2002,BLACK HILLS ENERGY,BLACK HILLS ENERGY,CHEYENNE LIGHT FUEL & POWER,nan,matched,,primary,1,3,no,yes,BLACK HILLS ENERGY,eia:17602261WY,,,,,,,,,,,,,,,,,,,649.0,26920.0,0.0,0.0,0.0,263.0,386.0,0.0,0.0,,0.0,0.0,0.0,366.0,0.0,0.0,6.0,0.0,0.0,12866.0,14048.0,0.0,0.0,,0.0,0.0,0.0,,,,,,,,,,,,,,,,,,,,,,,,,,,0.79
17602261WY,2537,WY,WY,2002,BLACK HILLS ENERGY,BLACK HILLS ENERGY,"BLACK HILLS NORTHWEST WYOMING GAS UTILITY COMPANY, LLC",nan,matched,,primary,1,3,no,yes,BLACK HILLS ENERGY,eia:17602261WY,,,,,,,,,,,,,,,,,,,300.0,0.0,0.0,0.0,74.0,93.0,133.0,0.0,0.0,,0.0,0.0,0.0,0.0,0.0,0.0,0.0,0.0,0.0,0.0,0.0,0.0,0.0,,0.0,0.0,0.0,,,,,,,,,,,,,,,,,,,,,,,,,,,2.4
17602261WY,10030,CO NE WY,WY,2003,BLACK HILLS ENERGY,BLACK HILLS ENERGY,SOURCEGAS LLC,nan,matched,,primary,1,3,yes,yes,BLACK HILLS ENERGY,eia:17602261WY,2443229.0,14548250.0,27668.0,2098746.0,9925304.0,2733.0,,,,,,,,,,17175919.0,16838994.0,,8571.0,247225.0,1.0,0.0,982.0,5102.0,2486.0,0.0,0.0,,0.0,0.0,0.0,1411.0,0.0,0.0,3753.0,3553.0,750.0,180398.0,58771.0,0.0,0.0,,0.0,0.0,0.0,,,,,,,,,,,,,,,,,,,,,,,,,,,1.86
17602261WY,2332,WY,WY,2003,BLACK HILLS ENERGY,BLACK HILLS ENERGY,CHEYENNE LIGHT FUEL & POWER,nan,matched,,primary,1,3,no,yes,BLACK HILLS ENERGY,eia:17602261WY,,,,,,,,,,,,,,,,,,,678.0,27004.0,0.0,0.0,0.0,288.0,390.0,0.0,0.0,,0.0,0.0,0.0,370.0,0.0,0.0,5.0,0.0,0.0,12758.0,14241.0,0.0,0.0,,0.0,0.0,0.0,,,,,,,,,,,,,,,,,,,,,,,,,,,0.0
17602261WY,2537,WY,WY,2003,BLACK HILLS ENERGY,BLACK HILLS ENERGY,"BLACK HILLS NORTHWEST WYOMING GAS UTILITY COMPANY, LLC",nan,matched,,primary,1,3,no,yes,BLACK HILLS ENERGY,eia:17602261WY,,,,,,,,,,,,,,,,,,,303.0,6242.0,0.0,0.0,72.0,94.0,137.0,0.0,0.0,,0.0,0.0,0.0,0.0,0.0,0.0,0.0,0.0,306.0,3317.0,2619.0,0.0,0.0,,0.0,0.0,0.0,,,,,,,,,,,,,,,,,,,,,,,,,,,3.81
17602261WY,10030,WY,WY,2004,BLACK HILLS ENERGY,BLACK HILLS ENERGY,SOURCEGAS LLC,nan,matched,,primary,1,3,no,yes,BLACK HILLS ENERGY,eia:17602261WY,2398876.0,18539033.0,28401.0,2038601.0,13043264.0,2748.0,,,,,,,,,,14462121.0,14297338.0,,1737.0,70532.0,0.0,0.0,52.0,1533.0,152.0,0.0,0.0,,0.0,0.0,0.0,146.69,0.0,0.0,3753.0,3546.0,461.0,46145.0,16627.0,0.0,0.0,,0.0,0.0,0.0,1698.0,0.0,0.0,0.0,0.0,0.0,0.0,0.0,39.0,,,1737.0,69370.0,0.0,0.0,0.0,0.0,0.0,0.0,0.0,1162.0,,,70532.0,,,0.57
17602261WY,2332,WY,WY,2004,BLACK HILLS ENERGY,BLACK HILLS ENERGY,CHEYENNE LIGHT FUEL & POWER,nan,matched,,primary,1,3,no,yes,BLACK HILLS ENERGY,eia:17602261WY,,,,,,,,,,,,,,,,,,,680.0,27440.0,0.0,0.0,0.0,289.0,391.0,0.0,0.0,,0.0,0.0,0.0,371.0,0.0,0.0,0.0,0.0,0.0,12727.0,14713.0,0.0,0.0,,0.0,0.0,0.0,0.0,8.0,22.0,75.0,112.0,102.0,116.0,212.0,33.0,,,680.0,0.0,92.0,740.0,4770.0,4536.0,5643.0,4711.0,5528.0,1420.0,,,27440.0,,,0.0
17602261WY,2537,WY,WY,2004,BLACK HILLS ENERGY,BLACK HILLS ENERGY,"BLACK HILLS NORTHWEST WYOMING GAS UTILITY COMPANY, LLC",nan,matched,,primary,1,3,no,yes,BLACK HILLS ENERGY,eia:17602261WY,,,,,,,,,,,,,,,,,,,306.0,6378.0,0.0,0.0,72.0,94.0,140.0,0.0,0.0,,0.0,0.0,0.0,0.0,0.0,0.0,0.0,0.0,303.0,3272.0,2803.0,0.0,0.0,,0.0,0.0,0.0,278.0,0.0,0.0,0.0,0.0,0.0,0.0,0.0,28.0,,,306.0,6078.0,0.0,0.0,0.0,0.0,0.0,0.0,0.0,300.0,,,6378.0,,,2.77
17602261WY,10030,WY,WY,2005,BLACK HILLS ENERGY,BLACK HILLS ENERGY,SOURCEGAS LLC,nan,matched,,primary,1,3,no,yes,BLACK HILLS ENERGY,eia:17602261WY,2310489.0,22110654.0,29260.0,1500367.0,11780277.0,2736.0,667469.0,5065182.0,13.0,,,,,,,13989659.0,13945234.0,,1754.524,71695.0,0.0,0.0,51.512,1533.049,169.963,0.0,0.0,,0.0,0.0,0.0,165.013,0.0,0.0,3753.0,3546.0,461.0,46180.0,17755.0,0.0,0.0,,0.0,0.0,0.0,1697.271,0.0,0.0,0.0,0.0,0.0,0.0,0.0,57.253,,,1754.524,69352.0,0.0,0.0,0.0,0.0,0.0,0.0,0.0,2343.0,,,71695.0,,,0.94
17602261WY,2332,WY,WY,2005,BLACK HILLS ENERGY,BLACK HILLS ENERGY,CHEYENNE LIGHT FUEL & POWER,nan,matched,,primary,1,3,no,yes,BLACK HILLS ENERGY,eia:17602261WY,,,,,,,,,,,,,,,,,,,708.0,27981.0,0.0,0.0,0.0,290.0,418.0,0.0,0.0,,0.0,0.0,0.0,398.0,0.0,0.0,0.0,0.0,0.0,12683.0,15298.0,0.0,0.0,,0.0,0.0,0.0,0.0,8.0,22.0,75.0,112.0,102.0,116.0,212.0,61.0,,,708.0,0.0,90.0,728.0,4742.0,4510.0,5633.0,4695.0,5517.0,2066.0,,,27981.0,,,0.1
17602261WY,2537,WY,WY,2005,BLACK HILLS ENERGY,BLACK HILLS ENERGY,"BLACK HILLS NORTHWEST WYOMING GAS UTILITY COMPANY, LLC",nan,matched,,primary,1,3,no,yes,BLACK HILLS ENERGY,eia:17602261WY,,,,,,,,,,,,,,,,,,,308.0,6526.0,0.0,0.0,18.0,93.0,197.0,0.0,0.0,,0.0,0.0,0.0,0.0,0.0,0.0,0.0,0.0,572.0,2431.0,3523.0,0.0,0.0,,0.0,0.0,0.0,278.0,0.0,0.0,0.0,0.0,0.0,0.0,0.0,30.0,,,308.0,5506.0,0.0,0.0,0.0,0.0,0.0,0.0,0.0,1020.0,,,6526.0,,,2.51
17602261WY,10030,WY,WY,2006,BLACK HILLS ENERGY,BLACK HILLS ENERGY,SOURCEGAS LLC,nan,matched,,primary,1,3,no,yes,BLACK HILLS ENERGY,eia:17602261WY,2325229.0,27834585.0,29852.0,1351412.0,14640325.0,2777.0,711126.0,6605414.0,14.0,,,,,,,13894513.0,13862639.0,,1800.353,73046.0,0.0,0.0,51.512,1536.665,212.176,0.0,0.0,,0.0,0.0,0.0,207.226,0.0,0.0,3748.0,3546.0,461.0,46122.0,19169.0,0.0,0.0,,0.0,0.0,0.0,1696.433,0.0,0.0,0.0,0.0,0.0,0.0,0.0,103.92,,,1800.353,69297.0,0.0,0.0,0.0,0.0,0.0,0.0,0.0,3749.0,,,73046.0,,,0.08
17602261WY,2332,WY,WY,2006,BLACK HILLS ENERGY,BLACK HILLS ENERGY,CHEYENNE LIGHT FUEL & POWER,nan,matched,,primary,1,3,no,yes,BLACK HILLS ENERGY,eia:17602261WY,,,,,,,,,,,,,,,,,,,692.0,28416.0,0.0,0.0,0.0,262.0,430.0,0.0,0.0,,0.0,0.0,0.0,410.0,0.0,0.0,0.0,0.0,0.0,12674.0,15742.0,0.0,0.0,,0.0,0.0,0.0,0.0,8.0,15.0,75.0,92.0,102.0,116.0,210.0,74.0,,,692.0,0.0,88.0,714.0,4736.0,4505.0,5626.0,4691.0,5512.0,2544.0,,,28416.0,,,0.7
17602261WY,2537,WY,WY,2006,BLACK HILLS ENERGY,BLACK HILLS ENERGY,"BLACK HILLS NORTHWEST WYOMING GAS UTILITY COMPANY, LLC",nan,matched,,primary,1,3,no,yes,BLACK HILLS ENERGY,eia:17602261WY,,,,,,,,,,,,,,,,,,,321.0,6602.0,0.0,0.0,19.0,95.0,207.0,0.0,0.0,,0.0,0.0,0.0,159.0,0.0,0.0,0.0,0.0,496.0,2431.0,3675.0,0.0,0.0,,0.0,0.0,0.0,278.0,0.0,0.0,0.0,0.0,0.0,0.0,0.0,43.0,,,321.0,5506.0,0.0,0.0,0.0,0.0,0.0,0.0,0.0,1096.0,,,6602.0,,,4.02
17602261WY,10030,WY,WY,2007,BLACK HILLS ENERGY,BLACK HILLS ENERGY,SOURCEGAS LLC,nan,matched,,primary,1,3,no,yes,BLACK HILLS ENERGY,eia:17602261WY,2380945.0,18978121.0,30194.0,1378983.0,10483300.0,2803.0,664812.0,4543463.0,14.0,,,,,,,14733080.0,14656064.0,,1846.945,74689.0,0.0,0.0,51.426,1536.076,259.443,0.0,0.0,,0.0,0.0,0.0,254.493,0.0,0.0,3726.0,3546.0,461.0,46128.0,20828.0,0.0,0.0,,0.0,0.0,0.0,1696.337,0.0,0.0,0.0,0.0,0.0,0.0,0.0,150.608,,,1846.945,69258.0,0.0,0.0,0.0,0.0,0.0,0.0,0.0,5431.0,,,74689.0,,,0.77
17602261WY,2332,WY,WY,2007,BLACK HILLS ENERGY,BLACK HILLS ENERGY,CHEYENNE LIGHT FUEL & POWER,nan,matched,,primary,1,3,no,yes,BLACK HILLS ENERGY,eia:17602261WY,,,,,,,,,,,,,,,,,,,730.0,28745.0,0.0,0.0,0.0,264.0,466.0,0.0,0.0,,0.0,0.0,0.0,446.0,0.0,0.0,0.0,0.0,0.0,12678.0,16067.0,0.0,0.0,,0.0,0.0,0.0,0.0,8.0,15.0,75.0,92.0,102.0,116.0,210.0,112.0,,,730.0,0.0,82.0,698.0,4716.0,4497.0,5622.0,4691.0,5512.0,2927.0,,,28745.0,,,1.7
17602261WY,2537,WY,WY,2007,BLACK HILLS ENERGY,BLACK HILLS ENERGY,"BLACK HILLS NORTHWEST WYOMING GAS UTILITY COMPANY, LLC",nan,matched,,primary,1,3,no,yes,BLACK HILLS ENERGY,eia:17602261WY,,,,,,,,,,,,,,,,,,,326.0,6978.0,0.0,0.0,15.0,90.0,221.0,0.0,0.0,,0.0,0.0,0.0,167.0,0.0,0.0,0.0,0.0,343.0,2431.0,4204.0,0.0,0.0,,0.0,0.0,0.0,278.0,0.0,0.0,0.0,0.0,0.0,0.0,0.0,48.0,,,326.0,5506.0,0.0,0.0,0.0,0.0,0.0,0.0,0.0,1472.0,,,6978.0,,,4.02
17602261WY,10030,WY,WY,2008,BLACK HILLS ENERGY,BLACK HILLS ENERGY,SOURCEGAS LLC,nan,matched,,primary,1,3,no,yes,BLACK HILLS ENERGY,eia:17602261WY,2582248.0,27198434.0,30419.0,1496802.0,13171554.0,2830.0,689946.0,5085503.0,15.0,,,,,,,13756737.0,13953023.0,,1874.219,76005.0,0.0,0.0,50.745,1534.183,289.291,0.0,0.0,,0.0,0.0,0.0,289.291,0.0,0.0,2713.0,0.0,361.0,49603.0,23328.0,0.0,0.0,,0.0,0.0,0.0,1689.238,0.0,0.0,0.0,0.0,0.0,0.0,0.0,184.981,,,1874.219,68087.0,0.0,0.0,0.0,0.0,0.0,0.0,0.0,7918.0,,,76005.0,,,1.39
17602261WY,2332,WY,WY,2008,BLACK HILLS ENERGY,BLACK HILLS ENERGY,CHEYENNE LIGHT FUEL & POWER,nan,matched,,primary,1,3,no,yes,BLACK HILLS ENERGY,eia:17602261WY,,,,,,,,,,,,,,,,,,,743.0,28958.0,0.0,0.0,0.0,264.0,479.0,0.0,0.0,,0.0,0.0,0.0,459.0,0.0,0.0,0.0,0.0,0.0,12674.0,16284.0,0.0,0.0,,0.0,0.0,0.0,0.0,8.0,15.0,75.0,91.0,101.0,116.0,210.0,127.0,,,743.0,0.0,80.0,692.0,4684.0,4450.0,5611.0,4677.0,5506.0,3258.0,,,28958.0,,,0.0
17602261WY,2537,WY,WY,2008,BLACK HILLS ENERGY,BLACK HILLS ENERGY,"BLACK HILLS NORTHWEST WYOMING GAS UTILITY COMPANY, LLC",nan,matched,,primary,1,3,no,yes,BLACK HILLS ENERGY,eia:17602261WY,,,,,,,,,,,,,,,,,,,332.0,7146.0,0.0,0.0,10.0,90.0,232.0,0.0,0.0,,0.0,0.0,0.0,174.0,0.0,0.0,0.0,0.0,286.0,2431.0,4429.0,0.0,0.0,,0.0,0.0,0.0,276.0,0.0,0.0,0.0,0.0,0.0,0.0,0.0,56.0,,,332.0,3656.0,0.0,0.0,0.0,0.0,0.0,0.0,0.0,3490.0,,,7146.0,,,4.02
17602261WY,10030,WY,WY,2009,BLACK HILLS ENERGY,BLACK HILLS ENERGY,SOURCEGAS LLC,nan,matched,,primary,1,3,no,yes,BLACK HILLS ENERGY,eia:17602261WY,2438000.0,22340380.0,30672.0,1455036.0,10519491.0,2868.0,700172.0,4001707.0,15.0,,,,,,,13878744.0,13929788.0,42115.0,1889.358,76964.0,0.0,0.0,50.662,1530.942,307.754,0.0,0.0,,0.0,0.0,0.0,307.754,0.0,0.0,2695.0,0.0,352.0,49258.0,24659.0,0.0,0.0,,0.0,0.0,0.0,1687.622,0.0,0.0,0.0,0.0,0.0,0.0,0.0,201.736,,,1889.358,67930.0,0.0,0.0,0.0,0.0,0.0,0.0,0.0,9034.0,,,76964.0,,,0.8
17602261WY,2332,WY,WY,2009,BLACK HILLS ENERGY,BLACK HILLS ENERGY,CHEYENNE LIGHT FUEL & POWER,nan,matched,,primary,1,3,no,yes,BLACK HILLS ENERGY,eia:17602261WY,,,,,,,,,,,,,,,,,,,745.0,29144.0,0.0,0.0,0.0,264.0,481.0,0.0,0.0,,0.0,0.0,0.0,462.0,0.0,0.0,0.0,0.0,0.0,12601.0,16543.0,0.0,0.0,,0.0,0.0,0.0,0.0,8.0,15.0,74.0,91.0,100.0,116.0,210.0,131.0,,,745.0,0.0,76.0,689.0,4652.0,4407.0,5577.0,4668.0,5490.0,3585.0,,,29144.0,,,0.0
17602261WY,2537,WY,WY,2009,BLACK HILLS ENERGY,BLACK HILLS ENERGY,"BLACK HILLS NORTHWEST WYOMING GAS UTILITY COMPANY, LLC",nan,matched,,primary,1,3,no,yes,BLACK HILLS ENERGY,eia:17602261WY,,,,,,,,,,,,,,,,,,,347.0,7299.0,0.0,0.0,7.0,150.0,190.0,0.0,0.0,,0.0,0.0,0.0,190.0,0.0,0.0,0.0,0.0,260.0,2990.0,4049.0,0.0,0.0,,0.0,0.0,0.0,273.0,0.0,0.0,0.0,0.0,0.0,0.0,0.0,74.0,,,347.0,3630.0,0.0,0.0,0.0,0.0,0.0,0.0,0.0,3669.0,,,7299.0,,,4.02
17602261WY,10030,WY,WY,2010,BLACK HILLS ENERGY,BLACK HILLS ENERGY,SOURCEGAS LLC,nan,matched,,primary,1,3,no,yes,BLACK HILLS ENERGY,eia:17602261WY,2427947.0,22140077.0,31205.0,2078337.0,13662705.0,2902.0,0.0,0.0,0.0,,,,,,,13357339.0,13230168.0,69211.0,1906.151,77648.0,0.0,0.0,50.232,1527.512,328.407,0.0,0.0,,0.0,0.0,0.0,328.407,0.0,0.0,2683.0,0.0,311.0,48830.0,25824.0,0.0,0.0,,0.0,0.0,0.0,1683.643,0.0,0.0,0.0,0.0,0.0,0.0,0.0,201.669,20.839,,1906.151,67445.0,0.0,0.0,0.0,0.0,0.0,0.0,0.0,9023.0,1180.0,,77648.0,116.0,24623.0,1.91
17602261WY,2332,WY,WY,2010,BLACK HILLS ENERGY,BLACK HILLS ENERGY,CHEYENNE LIGHT FUEL & POWER,nan,matched,,primary,1,3,no,yes,BLACK HILLS ENERGY,eia:17602261WY,,,,,,,,,,,,,,,,,,,752.4,29463.0,0.0,0.0,0.0,265.6,486.8,0.0,0.0,,0.0,0.0,0.0,468.1,0.0,0.0,0.0,0.0,0.0,12333.0,17130.0,0.0,0.0,,0.0,0.0,0.0,0.0,8.0,15.0,73.8,89.8,99.7,116.0,209.7,131.0,9.4,,752.4,0.0,75.0,685.0,4622.0,4198.0,5542.0,4653.0,5467.0,3583.0,638.0,,29463.0,22.0,9008.0,0.0
17602261WY,2537,WY,WY,2010,BLACK HILLS ENERGY,BLACK HILLS ENERGY,"BLACK HILLS NORTHWEST WYOMING GAS UTILITY COMPANY, LLC",nan,matched,,primary,1,3,no,yes,BLACK HILLS ENERGY,eia:17602261WY,,,,,,,,,,,,,,,,,,,351.0,7396.0,0.0,0.0,5.0,150.0,196.0,0.0,0.0,,0.0,0.0,0.0,196.0,0.0,0.0,0.0,0.0,222.0,2990.0,4184.0,0.0,0.0,,0.0,0.0,0.0,265.0,0.0,0.0,0.0,0.0,0.0,0.0,0.0,70.0,16.0,,351.0,3513.0,0.0,0.0,0.0,0.0,0.0,0.0,0.0,3669.0,214.0,,7396.0,63.0,5588.0,4.02
17602261WY,10030,WY,WY,2011,BLACK HILLS ENERGY,BLACK HILLS ENERGY,SOURCEGAS LLC,nan,matched,,primary,1,3,no,yes,BLACK HILLS ENERGY,eia:17602261WY,2533368.0,22090535.0,31679.0,2208100.0,14034256.0,2941.0,,,,,,,,,,14482952.0,14258615.0,47415.0,1960.044,78946.0,0.0,0.0,50.13,1526.749,383.165,0.0,0.0,,0.0,0.0,0.0,383.165,0.0,0.0,2672.0,0.0,305.0,48673.0,27296.0,0.0,0.0,,0.0,0.0,0.0,1681.65,0.0,0.0,0.0,0.0,0.0,0.0,0.0,201.667,76.727,,1960.044,67256.0,0.0,0.0,0.0,0.0,0.0,0.0,0.0,9017.0,2673.0,,78946.0,101.0,23492.0,1.8
17602261WY,2332,WY,WY,2011,BLACK HILLS ENERGY,BLACK HILLS ENERGY,CHEYENNE LIGHT FUEL & POWER,nan,matched,,primary,1,3,no,yes,BLACK HILLS ENERGY,eia:17602261WY,,,,,,,,,,,,,,,,,,,761.6,29740.0,0.0,0.0,0.0,266.6,495.0,0.0,0.0,,0.0,0.0,0.0,477.4,0.0,0.0,0.0,0.0,0.0,12205.0,17535.0,0.0,0.0,,0.0,0.0,0.0,0.0,7.4,15.0,73.7,86.9,98.7,116.0,209.4,131.0,23.5,,761.6,0.0,73.0,668.0,4535.0,4128.0,5523.0,4634.0,5452.0,3578.0,1149.0,,29740.0,23.0,8562.0,0.54
17602261WY,2537,WY,WY,2011,BLACK HILLS ENERGY,BLACK HILLS ENERGY,"BLACK HILLS NORTHWEST WYOMING GAS UTILITY COMPANY, LLC",nan,matched,,primary,1,3,no,yes,BLACK HILLS ENERGY,eia:17602261WY,,,,,,,,,,,,,,,,,,,373.0,7440.0,0.0,0.0,5.0,150.0,218.0,0.0,0.0,,0.0,0.0,0.0,218.0,0.0,0.0,0.0,0.0,185.0,2990.0,4265.0,0.0,0.0,,0.0,0.0,0.0,265.0,0.0,0.0,0.0,0.0,0.0,0.0,0.0,70.0,38.0,,373.0,3513.0,0.0,0.0,0.0,0.0,0.0,0.0,0.0,3669.0,258.0,,7440.0,43.0,2250.0,4.02
17602261WY,10030,WY,WY,2012,BLACK HILLS ENERGY,BLACK HILLS ENERGY,SOURCEGAS LLC,nan,matched,,primary,1,3,no,yes,BLACK HILLS ENERGY,eia:17602261WY,2237468.0,19513501.0,32093.0,1996134.0,11764349.0,3012.0,,,,,,,,,,15042191.0,15057967.0,196407.0,2017.942,80220.0,0.0,0.0,50.018,1527.583,440.341,0.0,0.0,,0.0,0.0,0.0,440.341,0.0,0.0,2662.0,0.0,301.0,48533.0,28724.0,0.0,0.0,,0.0,0.0,0.0,1679.862,0.0,0.0,0.0,0.0,0.0,0.0,0.0,201.542,136.538,,2017.942,67104.0,0.0,0.0,0.0,0.0,0.0,0.0,0.0,9013.0,4103.0,,80220.0,107.0,27633.0,1.53
17602261WY,2332,WY,WY,2012,BLACK HILLS ENERGY,BLACK HILLS ENERGY,CHEYENNE LIGHT FUEL & POWER,nan,matched,,primary,1,3,no,yes,BLACK HILLS ENERGY,eia:17602261WY,,,,,,,,,,,,,,,,,,,771.6,30067.0,0.0,0.0,0.0,268.6,503.0,0.0,0.0,,0.0,0.0,0.0,493.3,0.0,0.0,0.0,0.0,0.0,12016.0,18051.0,0.0,0.0,,0.0,0.0,0.0,0.0,7.4,15.0,73.5,84.5,90.8,115.5,209.1,130.9,44.9,,771.6,0.0,72.0,658.0,4437.0,4001.0,5455.0,4609.0,5442.0,3571.0,1822.0,,30067.0,37.0,11734.0,0.02
17602261WY,2537,WY,WY,2012,BLACK HILLS ENERGY,BLACK HILLS ENERGY,"BLACK HILLS NORTHWEST WYOMING GAS UTILITY COMPANY, LLC",nan,matched,,primary,1,3,no,yes,BLACK HILLS ENERGY,eia:17602261WY,,,,,,,,,,,,,,,,,,,386.0,7564.0,0.0,0.0,3.0,150.0,233.0,0.0,0.0,,0.0,0.0,0.0,233.0,0.0,0.0,0.0,0.0,178.0,2990.0,4396.0,0.0,0.0,,0.0,0.0,0.0,263.0,0.0,0.0,0.0,0.0,0.0,0.0,0.0,70.0,53.0,,386.0,3506.0,0.0,0.0,0.0,0.0,0.0,0.0,0.0,3669.0,389.0,,7564.0,23.0,1819.0,3.2
17602261WY,10030,WY,WY,2013,BLACK HILLS ENERGY,BLACK HILLS ENERGY,SOURCEGAS LLC,nan,matched,,primary,1,3,no,yes,BLACK HILLS ENERGY,eia:17602261WY,2698518.0,22938110.0,32227.0,2264905.0,13221222.0,3031.0,,,,,,,,,,14887836.0,14701855.0,145258.0,1967.011,81451.0,0.0,0.0,13.617,1252.948,698.063,0.0,0.0,,0.0,0.0,2.383,698.027,0.0,0.0,2642.0,0.0,259.0,48433.0,30117.0,0.0,0.0,,0.0,0.0,0.0,1468.194,0.153,0.0,0.001,0.037,28.344,146.773,68.556,102.348,152.605,,1967.011,51598.0,6.0,0.0,1.0,4.0,1057.0,10294.0,3885.0,8999.0,5607.0,,81451.0,98.0,24700.0,1.53
17602261WY,2332,WY,WY,2013,BLACK HILLS ENERGY,BLACK HILLS ENERGY,CHEYENNE LIGHT FUEL & POWER,nan,matched,,primary,1,3,no,yes,BLACK HILLS ENERGY,eia:17602261WY,,,,,,,,,,,,,,,,,,,775.3,30420.0,0.0,0.0,0.0,266.3,509.0,0.0,0.0,,0.0,0.0,0.0,501.7,0.0,0.0,0.0,0.0,0.0,11912.0,18508.0,0.0,0.0,,0.0,0.0,0.0,0.0,6.9,13.9,72.7,83.4,90.3,115.0,208.6,130.6,53.9,,775.3,0.0,60.0,642.0,4391.0,3930.0,5418.0,4580.0,5420.0,3552.0,2427.0,,30420.0,32.0,9874.0,0.98
17602261WY,2537,WY,WY,2013,BLACK HILLS ENERGY,BLACK HILLS ENERGY,"BLACK HILLS NORTHWEST WYOMING GAS UTILITY COMPANY, LLC",nan,matched,,primary,1,3,no,yes,BLACK HILLS ENERGY,eia:17602261WY,,,,,,,,,,,,,,,,,,,401.0,7648.0,0.0,0.0,3.0,150.0,248.0,0.0,0.0,,0.0,0.0,0.0,248.0,0.0,0.0,0.0,0.0,173.0,2989.0,4486.0,0.0,0.0,,0.0,0.0,0.0,263.0,0.0,0.0,0.0,0.0,0.0,0.0,0.0,70.0,68.0,,401.0,3498.0,0.0,0.0,0.0,0.0,0.0,0.0,0.0,3669.0,481.0,,7648.0,23.0,2440.0,1.64
17602261WY,10030,WY,WY,2014,BLACK HILLS ENERGY,BLACK HILLS ENERGY,SOURCEGAS LLC,nan,matched,,primary,1,3,no,yes,BLACK HILLS ENERGY,eia:17602261WY,2525164.0,25076073.0,32670.0,2072152.0,13764745.0,3061.0,,,,,,,,,,14647588.0,14122417.0,140228.0,2258.645,82700.0,0.0,0.0,2.669,1220.621,1032.898,0.0,0.0,,0.0,0.0,2.457,1032.838,0.0,0.0,2635.0,0.0,257.0,48241.0,31567.0,0.0,0.0,,0.0,0.0,0.0,1459.706,0.004,0.0,0.0,0.0,38.353,147.106,64.134,377.828,171.514,,2258.645,51359.0,0.0,0.0,0.0,0.0,995.0,10277.0,3882.0,8994.0,7193.0,,82700.0,123.0,28509.0,1.44
17602261WY,2332,WY,WY,2014,BLACK HILLS ENERGY,BLACK HILLS ENERGY,CHEYENNE LIGHT FUEL & POWER,nan,matched,,primary,1,3,no,yes,BLACK HILLS ENERGY,eia:17602261WY,,,,,,,,,,,,,,,,,,,799.5,30916.0,0.0,0.0,0.0,263.8,535.7,0.0,0.0,,0.0,0.0,0.0,530.5,0.0,0.0,0.0,0.0,0.0,11646.0,19270.0,0.0,0.0,,0.0,0.0,0.0,0.0,6.9,13.8,72.4,77.1,88.2,114.9,208.3,130.6,87.3,,799.5,0.0,14.0,641.0,4353.0,3756.0,5352.0,4562.0,5393.0,3547.0,3298.0,,30916.0,38.0,11841.0,1.9
17602261WY,2537,WY,WY,2014,BLACK HILLS ENERGY,BLACK HILLS ENERGY,"BLACK HILLS NORTHWEST WYOMING GAS UTILITY COMPANY, LLC",nan,matched,,primary,1,3,no,yes,BLACK HILLS ENERGY,eia:17602261WY,,,,,,,,,,,,,,,,,,,411.0,7784.0,0.0,0.0,3.0,149.0,259.0,0.0,0.0,,0.0,0.0,0.0,259.0,0.0,0.0,0.0,0.0,133.0,2989.0,4662.0,0.0,0.0,,0.0,0.0,0.0,262.0,0.0,0.0,0.0,0.0,0.0,0.0,0.0,70.0,79.0,,411.0,3453.0,0.0,0.0,0.0,0.0,0.0,0.0,0.0,3669.0,662.0,,7784.0,30.0,2358.0,3.12
17602261WY,10030,WY,WY,2015,BLACK HILLS ENERGY,BLACK HILLS ENERGY,SOURCEGAS LLC,Privately Owned,matched,,primary,1,3,no,yes,BLACK HILLS ENERGY,eia:17602261WY,2560591.0,24202782.0,36560.0,2063208.0,13050535.0,3684.0,812338.0,4044344.0,14.0,,,,,,,16927822.0,17371633.0,250723.0,2008.981,83760.0,0.0,0.0,2.692,1234.125,767.174,0.0,0.0,,0.0,0.0,4.99,373.018,0.0,391.634,2635.0,0.0,257.0,48242.0,32626.0,0.0,0.0,,0.0,0.0,0.0,1423.736,0.007,0.0,0.0,2.458,40.646,149.239,71.105,101.455,217.829,,2006.475,51359.0,0.0,0.0,0.0,0.0,995.0,10277.0,3882.0,8994.0,8253.0,,83760.0,101.0,26607.0,1.38
17602261WY,2332,WY,WY,2015,BLACK HILLS ENERGY,BLACK HILLS ENERGY,CHEYENNE LIGHT FUEL & POWER,Investor Owned,matched,,primary,1,3,no,yes,BLACK HILLS ENERGY,eia:17602261WY,,,,,,,,,,,,,,,,,,,947.0,31857.0,17.24,0.0,0.0,312.41,614.45,0.0,0.0,,0.0,0.0,2.9,609.45,0.0,0.0,4.0,0.0,0.0,11552.0,20301.0,0.0,0.0,,0.0,0.0,0.0,11.946,6.9,13.8,71.8,105.07,116.31,113.79,220.35,151.54,135.494,,947.0,2.0,10.0,635.0,4308.0,3701.0,5332.0,4612.0,5582.0,3740.0,3935.0,,31857.0,49.0,13412.0,2.8
17602261WY,2537,WY,WY,2015,BLACK HILLS ENERGY,BLACK HILLS ENERGY,"BLACK HILLS NORTHWEST WYOMING GAS UTILITY COMPANY, LLC",Investor Owned,matched,,primary,1,3,no,yes,BLACK HILLS ENERGY,eia:17602261WY,,,,,,,,,,,,,,,,,,,419.0,7914.0,,,3.0,149.0,267.0,,0.0,,,,,267.0,0.0,0.0,,,132.0,2989.0,4793.0,,0.0,,,,,262.0,0.0,0.0,0.0,0.0,0.0,0.0,0.0,70.0,87.0,,419.0,3453.0,0.0,0.0,0.0,0.0,0.0,0.0,0.0,3669.0,792.0,,7914.0,13.0,2472.0,3.96
17602261WY,15359,WY,WY,2016,BLACK HILLS ENERGY,BLACK HILLS ENERGY,BLACK HILLS ENERGY,Investor Owned,matched,,primary,1,1,no,yes,BLACK HILLS ENERGY,eia:17602261WY,2740501.0,23445394.0,40131.0,2224249.0,12108039.0,4140.0,872673.0,3342232.0,15.0,,,,,,,20721696.0,19600860.0,195093.0,3396.169,142012.0,17.24,,5.692,1681.451,1687.65,,0.0,,,,4.136,1293.88,0.0,387.513,2639.0,,389.0,77815.0,46902.0,,0.0,,,,14267.0,1691.55,6.907,13.8,71.2,90.346,156.593,262.214,290.913,322.912,487.044,,3393.479,76412.0,8.0,625.0,4240.0,3644.0,6884.0,16365.0,10176.0,8640.0,15018.0,,142012.0,110.0,38965.0,0.76
17602261WY,15359,WY,WY,2017,BLACK HILLS ENERGY,BLACK HILLS ENERGY,BLACK HILLS ENERGY,Investor Owned,matched,,primary,1,1,no,yes,BLACK HILLS ENERGY,eia:17602261WY,4807411.0,44483000.0,66133.0,3408409.0,21071268.0,7133.0,871348.0,3651127.0,21.0,,,,4554.0,22889.0,2.0,31638254.0,31696686.0,489125.0,3446.885,142569.0,0.979,,5.692,1701.346,1735.985,,0.0,,,,2.883,1731.647,0.0,0.0,4.0,,163.0,82306.0,60096.0,,0.0,,,,0.0,1703.964,6.907,13.748,71.2,88.727,156.579,261.884,290.262,325.14,528.474,,3446.885,75996.0,4.0,618.0,4203.0,3625.0,6867.0,16336.0,10155.0,8627.0,16138.0,,142569.0,100.0,38084.0,3.18
17602261WY,15359,WY,WY,2018,BLACK HILLS ENERGY,BLACK HILLS ENERGY,BLACK HILLS ENERGY,Investor Owned,matched,,primary,1,1,no,yes,BLACK HILLS ENERGY,eia:17602261WY,4937837.0,43040596.0,64855.0,3442633.0,19968003.0,6945.0,842104.0,3207593.0,19.0,,,,5099.0,23743.0,2.0,40519092.0,39581930.0,526686.0,3471.835,143024.0,0.979,,3.19,1704.291,1760.545,0.0,0.0,0.0,0.0,0.0,2.83,1758.205,0.0,0.0,4.0,,163.0,81944.0,60913.0,0.0,0.0,0.0,0.0,0.0,0.0,1706.949,6.91,13.748,71.2,88.732,156.57,262.893,290.22,325.142,549.471,,3471.835,75810.0,4.0,618.0,4203.0,3625.0,6867.0,16336.0,10155.0,8627.0,16779.0,,143024.0,121.0,42302.0,0.76
17602261WY,15359,WY,WY,2019,BLACK HILLS ENERGY,BLACK HILLS ENERGY,BLACK HILLS ENERGY,Investor Owned,matched,,primary,1,1,no,yes,BLACK HILLS ENERGY,eia:17602261WY,5057261.0,42183690.0,64073.0,3517209.0,19887926.0,6795.0,622058.0,2359752.0,19.0,,,,5757.0,26673.0,2.0,33621596.0,33621510.0,323199.0,3494.616,143703.0,0.979,,2.796,1700.337,1787.674,0.0,0.0,0.0,0.0,0.0,2.83,1785.685,0.0,0.0,4.0,,79.0,81929.0,61691.0,0.0,0.0,0.0,0.0,0.0,0.0,1700.671,6.91,13.748,71.084,88.392,156.106,262.888,290.22,325.123,579.474,,3494.616,75810.0,4.0,615.0,4165.0,3604.0,6838.0,16329.0,10152.0,8624.0,17562.0,,143703.0,122.0,54002.0,0.92
17602261WY,15359,WY,WY,2020,BLACK HILLS ENERGY,BLACK HILLS ENERGY,BLACK HILLS ENERGY,Investor Owned,matched,,primary,1,1,no,yes,BLACK HILLS ENERGY,eia:17602261WY,4546624.0,43759679.0,63204.0,3250030.0,20527128.0,6688.0,447022.0,1846809.0,10.0,,,,2359.0,18799.0,1.0,34897187.0,34421366.0,682261.0,3531.99,155524.0,0.0,,8.03,1610.526,1907.23,0.0,0.0,0.0,0.0,0.0,6.204,1906.148,0.0,0.0,0.0,,27.0,76702.0,72273.0,0.0,0.0,0.0,0.0,0.0,6522.0,0.0,49.122,11.492,66.645,79.871,131.847,1495.077,302.633,563.297,781.76,50.246,3531.99,0.0,1058.0,394.0,3519.0,3284.0,6587.0,86011.0,13656.0,17003.0,22435.0,1577.0,155524.0,119.0,57134.0,-1.69
17602261WY,15359,WY,WY,2021,BLACK HILLS ENERGY,BLACK HILLS ENERGY,BLACK HILLS ENERGY,Investor Owned,matched,,primary,1,1,no,yes,BLACK HILLS ENERGY,eia:17602261WY,4512573.0,48595222.0,62442.0,3356063.0,24685721.0,6578.0,390954.0,2040201.0,7.0,,,,1814.0,20029.0,1.0,23526265.0,22738353.0,528219.0,3562.542,157164.0,0.0,,2.846,1609.986,1942.48,0.0,0.0,0.0,0.0,0.0,7.23,1941.398,0.0,0.0,0.0,,27.0,75920.0,74744.0,0.0,0.0,0.0,0.0,0.0,6473.0,0.0,48.976,11.49,66.558,79.359,131.054,1488.532,300.011,554.782,786.459,95.321,3562.542,0.0,1047.0,386.0,3469.0,3212.0,6497.0,85526.0,13511.0,16703.0,22490.0,4323.0,157164.0,136.0,51133.0,-1.2
17602261WY,15359,WY,WY,2022,BLACK HILLS ENERGY,BLACK HILLS ENERGY,BLACK HILLS ENERGY,Investor Owned,matched,,primary,1,1,no,yes,BLACK HILLS ENERGY,eia:17602261WY,4516477.0,68038625.0,61524.0,3398709.0,39584801.0,6514.0,368170.0,3236900.0,6.0,,,,3245.0,29938.0,3.0,33060345.0,31834590.0,609939.0,3625.472,161520.0,0.0,0.0,2.849,1629.611,1988.428,0.0,0.0,0.0,0.0,0.0,4.584,1987.336,0.0,0.0,0.0,,27.0,76811.0,79619.0,0.0,0.0,0.0,0.0,0.0,5063.0,0.0,48.976,11.45,66.544,79.284,130.479,1481.794,299.952,554.69,786.4,165.903,3625.472,0.0,789.0,340.0,3638.0,3735.0,7288.0,86017.0,13539.0,16077.0,22652.0,7445.0,161520.0,121.0,48331.0,0.95
17602261WY,15359,WY,WY,2023,BLACK HILLS ENERGY,BLACK HILLS ENERGY,BLACK HILLS ENERGY,Investor Owned,matched,,primary,1,1,no,yes,BLACK HILLS ENERGY,eia:17602261WY,4411134.0,66480880.0,60817.0,3377312.0,38278640.0,6380.0,305732.0,2751870.0,6.0,,,,4873.0,31900.0,3.0,32979067.0,31878030.0,653370.0,3618.487,163053.0,0.0,0.0,2.868,1580.723,2030.489,0.0,0.0,0.0,0.0,0.0,4.407,2029.43,0.0,0.0,0.0,,27.0,75748.0,82374.0,0.0,0.0,0.0,0.0,0.0,4904.0,0.0,48.753,9.776,64.901,77.791,130.779,1458.177,312.624,554.644,760.712,200.33,3618.487,0.0,767.0,300.0,3526.0,3507.0,7189.0,85516.0,13361.0,15856.0,22610.0,10421.0,163053.0,116.0,54309.0,0.23
17602261WY,15359,WY,WY,2024,BLACK HILLS ENERGY,BLACK HILLS ENERGY,BLACK HILLS ENERGY,Investor Owned,matched,,primary,1,1,no,yes,BLACK HILLS ENERGY,eia:17602261WY,3933285.0,53414353.0,60853.0,3404119.0,26823312.0,6435.0,259425.0,1481226.0,5.0,,,,4038.0,20368.0,3.0,32076474.0,31571658.0,609227.0,3631.359,164039.0,0.0,0.0,0.0,1577.583,2049.369,0.0,0.0,0.0,0.0,0.0,4.407,2048.31,0.0,0.0,0.0,,27.0,75198.0,83910.0,0.0,0.0,0.0,0.0,0.0,4904.0,0.0,48.751,9.722,64.769,75.19,129.145,1456.776,311.122,554.576,760.282,221.026,3631.359,0.0,605.0,297.0,3497.0,3478.0,7089.0,85311.0,13310.0,15802.0,22482.0,12168.0,164039.0,156.0,57118.0,0.6
17602261WY,15359,WY,WY,2025,BLACK HILLS ENERGY,BLACK HILLS ENERGY,BLACK HILLS ENERGY,Investor Owned,matched,,primary,1,1,no,yes,BLACK HILLS ENERGY,eia:17602261WY,,,,,,,,,,,,,,,,,,,3654.07,164787.0,0.0,0.0,0.0,1546.808,2102.868,0.0,0.0,0.0,0.0,0.0,4.394,2101.812,0.0,0.0,0.0,0.0,30.0,74147.0,85653.0,0.0,0.0,0.0,0.0,0.0,4957.0,0.0,48.751,9.72,64.579,75.14,128.565,1454.746,311.062,553.236,760.072,248.199,3654.07,0.0,605.0,295.0,3465.0,3453.0,7004.0,84950.0,13247.0,15756.0,22361.0,13651.0,164787.0,139.0,64020.0,0.74
17602627WY,,,WY,1997,ENERGY WEST WYOMING,ENERGY WEST WYOMING,,,eia_only,,,,0,,yes,ENERGY WEST WYOMING,geo:ENERGY WEST WYOMING|WY,472346.0,2781000.0,4678.0,505821.0,1390767.0,710.0,567029.0,2046279.0,1.0,,,,,,,1806322.0,1816422.0,,,,,,,,,,,,,,,,,,,,,,,,,,,,,,,,,,,,,,,,,,,,,,,,,,,,,,,
17602627WY,,,WY,1998,ENERGY WEST WYOMING,ENERGY WEST WYOMING,,,eia_only,,,,0,,yes,ENERGY WEST WYOMING,geo:ENERGY WEST WYOMING|WY,448883.0,2493949.0,4741.0,457241.0,2039012.0,778.0,588325.0,1958575.0,1.0,,,,,,,1862664.0,1864321.0,,,,,,,,,,,,,,,,,,,,,,,,,,,,,,,,,,,,,,,,,,,,,,,,,,,,,,,
17602627WY,,,WY,1999,ENERGY WEST WYOMING,ENERGY WEST WYOMING,,,eia_only,,,,0,,yes,ENERGY WEST WYOMING,geo:ENERGY WEST WYOMING|WY,435886.0,2426096.0,4841.0,443828.0,1956240.0,780.0,622634.0,2006500.0,1.0,,,,,,,1812568.0,1797207.0,,,,,,,,,,,,,,,,,,,,,,,,,,,,,,,,,,,,,,,,,,,,,,,,,,,,,,,
17602627WY,,,WY,2000,ENERGY WEST WYOMING,ENERGY WEST WYOMING,,,eia_only,,,,0,,yes,ENERGY WEST WYOMING,geo:ENERGY WEST WYOMING|WY,465173.0,3415117.0,4944.0,457394.0,2601422.0,779.0,491155.0,2150722.0,1.0,,,,,,,1706234.0,1682562.0,,,,,,,,,,,,,,,,,,,,,,,,,,,,,,,,,,,,,,,,,,,,,,,,,,,,,,,
17602627WY,,,WY,2002,ENERGY WEST WYOMING,ENERGY WEST WYOMING,,,eia_only,,,,0,,yes,ENERGY WEST WYOMING,geo:ENERGY WEST WYOMING|WY,492511.0,3528007.0,4985.0,476610.0,2725205.0,726.0,471297.0,2151443.0,1.0,,,,,,,1440418.0,1477496.0,35439.0,,,,,,,,,,,,,,,,,,,,,,,,,,,,,,,,,,,,,,,,,,,,,,,,,,,,,,
17602627WY,,,WY,2003,ENERGY WEST WYOMING,ENERGY WEST WYOMING,,,eia_only,,,,0,,yes,ENERGY WEST WYOMING,geo:ENERGY WEST WYOMING|WY,449505.0,4082768.0,5060.0,451152.0,3278088.0,775.0,451891.0,2757161.0,1.0,,,,,,,1352548.0,1406049.0,51991.0,,,,,,,,,,,,,,,,,,,,,,,,,,,,,,,,,,,,,,,,,,,,,,,,,,,,,,
17602627WY,,,WY,2004,ENERGY WEST WYOMING,ENERGY WEST WYOMING,,,eia_only,,,,0,,yes,ENERGY WEST WYOMING,geo:ENERGY WEST WYOMING|WY,433405.0,4422140.0,5129.0,480131.0,3528248.0,791.0,541537.0,3795928.0,1.0,,,,,,,1455073.0,1496454.0,39967.0,,,,,,,,,,,,,,,,,,,,,,,,,,,,,,,,,,,,,,,,,,,,,,,,,,,,,,
17602627WY,,,WY,2005,ENERGY WEST WYOMING,ENERGY WEST WYOMING,,,eia_only,,,,0,,yes,ENERGY WEST WYOMING,geo:ENERGY WEST WYOMING|WY,440569.0,5967806.0,5164.0,490247.0,5495024.0,786.0,551114.0,5116336.0,1.0,,,,,,,1481929.0,1520030.0,36751.0,,,,,,,,,,,,,,,,,,,,,,,,,,,,,,,,,,,,,,,,,,,,,,,,,,,,,,
17602627WY,,,WY,2006,ENERGY WEST WYOMING,ENERGY WEST WYOMING,,,eia_only,,,,0,,yes,ENERGY WEST WYOMING,geo:ENERGY WEST WYOMING|WY,406138.0,5005604.0,5172.0,479138.0,4879111.0,781.0,482854.0,4265233.0,1.0,,,,,,,1368130.0,1424405.0,55037.0,,,,,,,,,,,,,,,,,,,,,,,,,,,,,,,,,,,,,,,,,,,,,,,,,,,,,,
17602627WY,,,WY,2007,ENERGY WEST WYOMING,ENERGY WEST WYOMING,,,eia_only,,,,0,,yes,ENERGY WEST WYOMING,geo:ENERGY WEST WYOMING|WY,449759.0,4536907.0,5345.0,504416.0,4121970.0,805.0,334216.0,2245073.0,1.0,,,,,,,1288391.0,1328069.0,38298.0,,,,,,,,,,,,,,,,,,,,,,,,,,,,,,,,,,,,,,,,,,,,,,,,,,,,,,
17602627WY,,,WY,2008,ENERGY WEST WYOMING,ENERGY WEST WYOMING,,,eia_only,,,,0,,yes,ENERGY WEST WYOMING,geo:ENERGY WEST WYOMING|WY,488809.0,5213625.0,5456.0,532216.0,4733630.0,816.0,275790.0,2059190.0,1.0,,,,,,,1296815.0,1334569.0,36421.0,,,,,,,,,,,,,,,,,,,,,,,,,,,,,,,,,,,,,,,,,,,,,,,,,,,,,,
17602627WY,,,WY,2009,ENERGY WEST WYOMING,ENERGY WEST WYOMING,,,eia_only,,,,0,,yes,ENERGY WEST WYOMING,geo:ENERGY WEST WYOMING|WY,494288.0,4626174.0,5555.0,536215.0,3895616.0,820.0,160365.0,953707.0,1.0,,,,,,,1190868.0,1256413.0,64286.0,,,,,,,,,,,,,,,,,,,,,,,,,,,,,,,,,,,,,,,,,,,,,,,,,,,,,,
17602627WY,,,WY,2010,ENERGY WEST WYOMING,ENERGY WEST WYOMING,,,eia_only,,,,0,,yes,ENERGY WEST WYOMING,geo:ENERGY WEST WYOMING|WY,461071.0,4108137.0,5638.0,510879.0,3580392.0,825.0,129139.0,712159.0,1.0,,,,,,,1101089.0,1167473.0,65384.0,,,,,,,,,,,,,,,,,,,,,,,,,,,,,,,,,,,,,,,,,,,,,,,,,,,,,,
17602627WY,,,WY,2011,ENERGY WEST WYOMING,ENERGY WEST WYOMING,,,eia_only,,,,0,,yes,ENERGY WEST WYOMING,geo:ENERGY WEST WYOMING|WY,494784.0,4673249.0,5692.0,534673.0,3948822.0,832.0,149528.0,894964.0,1.0,,,,,,,1178985.0,1222441.0,42382.0,,,,,,,,,,,,,,,,,,,,,,,,,,,,,,,,,,,,,,,,,,,,,,,,,,,,,,
17602627WY,,,WY,2012,ENERGY WEST WYOMING,ENERGY WEST WYOMING,,,eia_only,,,,0,,yes,ENERGY WEST WYOMING,geo:ENERGY WEST WYOMING|WY,426185.0,3524497.0,5766.0,503180.0,3034564.0,847.0,178133.0,813904.0,1.0,,,,,,,1134064.0,1134064.0,25698.0,,,,,,,,,,,,,,,,,,,,,,,,,,,,,,,,,,,,,,,,,,,,,,,,,,,,,,
17602627WY,,,WY,2013,ENERGY WEST WYOMING,ENERGY WEST WYOMING,,,eia_only,,,,0,,yes,ENERGY WEST WYOMING,geo:ENERGY WEST WYOMING|WY,496202.0,4248709.0,5838.0,528078.0,3630359.0,859.0,202256.0,1107670.0,1.0,,,,,,,1253379.0,1253475.0,25873.0,,,,,,,,,,,,,,,,,,,,,,,,,,,,,,,,,,,,,,,,,,,,,,,,,,,,,,
17602627WY,,,WY,2014,ENERGY WEST WYOMING,ENERGY WEST WYOMING,,,eia_only,,,,0,,yes,ENERGY WEST WYOMING,geo:ENERGY WEST WYOMING|WY,511896.0,4852896.0,5914.0,557648.0,4291288.0,865.0,219162.0,1377933.0,1.0,,,,,,,1331478.0,1331489.0,41594.0,,,,,,,,,,,,,,,,,,,,,,,,,,,,,,,,,,,,,,,,,,,,,,,,,,,,,,
17604499WY,5580,WY,WY,1997,FRANNIE DEAVER UTILITIES,FRANNIE DEAVER UTILITIES,FRANNIE - DEAVER UTILITIES,nan,matched,,primary,1,1,no,no,,,20730.0,115021.0,215.0,8479.0,47313.0,20.0,27188.0,137856.0,17.0,,,,,,,62668.0,59963.0,,56.0,252.0,17.0,0.0,0.0,19.0,20.0,0.0,0.0,,0.0,0.0,0.0,20.0,0.0,0.0,0.0,0.0,0.0,114.0,138.0,0.0,0.0,,0.0,0.0,0.0,,,,,,,,,,,,,,,,,,,,,,,,,,,6.0
17604499WY,5580,WY,WY,1998,FRANNIE DEAVER UTILITIES,FRANNIE DEAVER UTILITIES,FRANNIE - DEAVER UTILITIES,nan,matched,,primary,1,1,no,no,,,18611.0,103291.0,214.0,8091.0,45147.0,20.0,12447.0,69103.0,8.0,,,,,,,51740.0,46846.0,,56.0,242.0,17.0,0.0,0.0,19.0,20.0,0.0,0.0,,0.0,0.0,0.0,20.0,0.0,0.0,0.0,0.0,0.0,104.0,138.0,0.0,0.0,,0.0,0.0,0.0,,,,,,,,,,,,,,,,,,,,,,,,,,,7.0
17604499WY,5580,WY,WY,1999,FRANNIE DEAVER UTILITIES,FRANNIE DEAVER UTILITIES,FRANNIE - DEAVER UTILITIES,nan,matched,,primary,1,1,no,no,,,17752.0,125929.0,210.0,7656.0,50426.0,19.0,12702.0,58829.0,9.0,,,,,,,40315.0,42398.0,,53.0,242.0,1.0,0.0,0.0,16.0,36.0,0.0,0.0,,0.0,0.0,0.0,36.0,0.0,0.0,0.0,0.0,0.0,104.0,138.0,0.0,0.0,,0.0,0.0,0.0,,,,,,,,,,,,,,,,,,,,,,,,,,,5.0
17604499WY,5580,WY,WY,2000,FRANNIE DEAVER UTILITIES,FRANNIE DEAVER UTILITIES,FRANNIE - DEAVER UTILITIES,nan,matched,,primary,1,1,no,no,,,18429.0,132209.0,210.0,8134.0,53940.0,19.0,12700.0,83704.0,14.0,,,,,,,46127.0,45650.0,,53.0,243.0,2.0,0.0,0.0,15.0,36.0,0.0,0.0,,0.0,0.0,0.0,36.0,0.0,0.0,0.0,0.0,0.0,104.0,139.0,0.0,0.0,,0.0,0.0,0.0,,,,,,,,,,,,,,,,,,,,,,,,,,,11.0
17604499WY,5580,WY,WY,2001,FRANNIE DEAVER UTILITIES,FRANNIE DEAVER UTILITIES,FRANNIE - DEAVER UTILITIES,nan,matched,,primary,1,1,no,no,,,,,,,,,,,,,,,,,,,,,53.0,245.0,2.0,0.0,0.0,15.0,36.0,0.0,0.0,,0.0,0.0,0.0,36.0,0.0,0.0,0.0,0.0,0.0,104.0,141.0,0.0,0.0,,0.0,0.0,0.0,,,,,,,,,,,,,,,,,,,,,,,,,,,12.0
17604499WY,5580,WY,WY,2002,FRANNIE DEAVER UTILITIES,FRANNIE DEAVER UTILITIES,FRANNIE - DEAVER UTILITIES,nan,matched,,primary,1,1,no,no,,,,,,,,,,,,,,,,,,,,,53.0,245.0,2.0,0.0,15.0,36.0,0.0,0.0,0.0,,0.0,0.0,0.0,36.0,0.0,0.0,0.0,0.0,0.0,104.0,141.0,0.0,0.0,,0.0,0.0,0.0,,,,,,,,,,,,,,,,,,,,,,,,,,,6.0
17604499WY,5580,WY,WY,2003,FRANNIE DEAVER UTILITIES,FRANNIE DEAVER UTILITIES,FRANNIE - DEAVER UTILITIES,nan,matched,,primary,1,1,no,no,,,,,,,,,,,,,,,,,,41305.0,39578.0,,53.0,245.0,2.0,0.0,15.0,36.0,0.0,0.0,0.0,,0.0,0.0,0.0,36.0,0.0,0.0,0.0,0.0,0.0,104.0,141.0,0.0,0.0,,0.0,0.0,0.0,,,,,,,,,,,,,,,,,,,,,,,,,,,9.0
17604499WY,5580,WY,WY,2004,FRANNIE DEAVER UTILITIES,FRANNIE DEAVER UTILITIES,FRANNIE - DEAVER UTILITIES,nan,matched,,primary,1,1,no,no,,,,,,,,,,,,,,,,,,37330.0,37302.0,,53.0,246.0,2.0,0.0,15.0,36.0,0.0,0.0,0.0,,0.0,0.0,0.0,36.0,0.0,0.0,0.0,0.0,0.0,104.0,142.0,0.0,0.0,,0.0,0.0,0.0,0.0,0.0,0.0,0.0,0.0,16.0,17.0,20.0,0.0,,,53.0,0.0,0.0,0.0,0.0,0.0,104.0,60.0,74.0,8.0,,,246.0,,,0.2
17604499WY,5580,WY,WY,2005,FRANNIE DEAVER UTILITIES,FRANNIE DEAVER UTILITIES,FRANNIE - DEAVER UTILITIES,nan,matched,,primary,1,1,no,no,,,,,,,,,,,,,,,,,,39039.0,40600.0,,54.0,247.0,2.0,0.0,15.0,37.0,0.0,0.0,0.0,,0.0,0.0,0.0,37.0,0.0,0.0,0.0,0.0,0.0,104.0,143.0,0.0,0.0,,0.0,0.0,0.0,54.0,0.0,0.0,0.0,0.0,0.0,0.0,0.0,0.0,,,54.0,247.0,0.0,0.0,0.0,0.0,0.0,0.0,0.0,0.0,,,247.0,,,2.96
17604499WY,5580,WY,WY,2006,FRANNIE DEAVER UTILITIES,FRANNIE DEAVER UTILITIES,FRANNIE - DEAVER UTILITIES,nan,matched,,primary,1,1,no,no,,,,,,,,,,,,,,,,,,41818.0,41965.0,,54.0,249.0,2.0,0.0,15.0,37.0,0.0,0.0,0.0,,0.0,0.0,0.0,37.0,0.0,0.0,0.0,0.0,0.0,104.0,145.0,0.0,0.0,,0.0,0.0,0.0,0.0,0.0,0.0,0.0,3.0,15.0,18.0,16.0,2.0,,,54.0,0.0,0.0,0.0,0.0,0.0,87.0,100.0,52.0,10.0,,,249.0,,,-2.96
17604499WY,5580,WY,WY,2007,FRANNIE DEAVER UTILITIES,FRANNIE DEAVER UTILITIES,FRANNIE - DEAVER UTILITIES,nan,matched,,primary,1,1,no,no,,,,,,,,,,,,,,,,,,38678.0,41022.0,,54.0,249.0,2.0,0.0,15.0,37.0,0.0,0.0,0.0,,0.0,0.0,0.0,37.0,0.0,0.0,0.0,0.0,0.0,104.0,145.0,0.0,0.0,,0.0,0.0,0.0,0.0,0.0,0.0,0.0,2.7,15.5,18.0,16.0,2.0,,,54.2,0.0,0.0,0.0,0.0,0.0,87.0,100.0,52.0,10.0,,,249.0,,,-2.96
17604499WY,5580,WY,WY,2008,FRANNIE DEAVER UTILITIES,FRANNIE DEAVER UTILITIES,FRANNIE - DEAVER UTILITIES,nan,matched,,primary,1,1,no,no,,,,,,,,,,,,,,,,,,45618.0,51340.0,,54.0,249.0,2.0,0.0,15.0,37.0,0.0,0.0,0.0,,0.0,0.0,0.0,37.0,0.0,0.0,0.0,0.0,0.0,104.0,145.0,0.0,0.0,,0.0,0.0,0.0,0.0,0.0,0.0,0.0,3.0,15.0,18.0,16.0,2.0,,,54.0,0.0,0.0,0.0,0.0,0.0,87.0,100.0,52.0,10.0,,,249.0,,,11.0
17604499WY,5580,WY,WY,2009,FRANNIE DEAVER UTILITIES,FRANNIE DEAVER UTILITIES,FRANNIE - DEAVER UTILITIES,nan,matched,,primary,1,1,no,no,,,,,,,,,,,,,,,,,,50364.0,50125.0,,54.0,249.0,2.0,0.0,15.0,37.0,0.0,0.0,0.0,,0.0,0.0,0.0,38.0,0.0,0.0,0.0,0.0,0.0,54.0,195.0,0.0,0.0,,0.0,0.0,0.0,0.0,0.0,0.0,0.0,3.0,14.0,18.0,16.0,3.0,,,54.0,0.0,0.0,0.0,0.0,0.0,37.0,100.0,52.0,60.0,,,249.0,,,1.0
17604499WY,5580,WY,WY,2010,FRANNIE DEAVER UTILITIES,FRANNIE DEAVER UTILITIES,FRANNIE - DEAVER UTILITIES,nan,matched,,primary,1,1,no,no,,,,,,,,,,,,,,,,,,52629.0,50076.0,63.0,54.0,250.0,0.0,0.0,0.0,16.0,38.0,0.0,0.0,,0.0,0.0,0.0,38.0,0.0,0.0,0.0,0.0,0.0,13.0,237.0,0.0,0.0,,0.0,0.0,0.0,0.0,0.0,0.0,0.0,3.0,14.0,18.0,16.0,3.0,0.0,,54.0,0.0,0.0,0.0,0.0,0.0,37.0,100.0,52.0,61.0,0.0,,250.0,14.0,12.0,4.0
17604499WY,5580,WY,WY,2011,FRANNIE DEAVER UTILITIES,FRANNIE DEAVER UTILITIES,FRANNIE - DEAVER UTILITIES,nan,matched,,primary,1,1,no,no,,,,,,,,,,,,,,,,,,49056.0,47420.0,67.0,54.0,270.0,2.0,0.0,0.0,14.0,38.0,0.0,0.0,,0.0,0.0,0.0,38.0,0.0,0.0,0.0,0.0,0.0,21.0,249.0,0.0,0.0,,0.0,0.0,0.0,0.0,0.0,0.0,0.0,3.0,14.0,15.0,16.0,3.0,3.0,,54.0,0.0,0.0,0.0,0.0,0.0,21.0,49.0,52.0,61.0,87.0,,270.0,1.0,151.0,5.0
17604499WY,5580,WY,WY,2012,FRANNIE DEAVER UTILITIES,FRANNIE DEAVER UTILITIES,FRANNIE - DEAVER UTILITIES,nan,matched,,primary,1,1,no,no,,,0.0,0.0,0.0,0.0,0.0,0.0,0.0,0.0,0.0,,,,,,,38545.0,39183.0,97.0,55.0,276.0,2.0,0.0,0.0,14.0,39.0,0.0,0.0,,0.0,0.0,0.0,39.0,0.0,0.0,0.0,0.0,0.0,21.0,255.0,0.0,0.0,,0.0,0.0,0.0,0.0,0.0,0.0,0.0,3.0,14.0,15.0,16.0,3.0,4.0,,55.0,0.0,0.0,0.0,0.0,0.0,21.0,49.0,52.0,61.0,93.0,,276.0,2.0,178.0,0.39
17604499WY,5580,WY,WY,2013,FRANNIE DEAVER UTILITIES,FRANNIE DEAVER UTILITIES,FRANNIE - DEAVER UTILITIES,nan,matched,,primary,1,1,no,no,,,0.0,0.0,0.0,0.0,0.0,0.0,0.0,0.0,0.0,,,,,,,41278.0,43137.0,57.0,55.0,277.0,2.0,0.0,0.0,14.0,39.0,0.0,0.0,,0.0,0.0,0.0,39.0,0.0,0.0,0.0,0.0,0.0,21.0,256.0,0.0,0.0,,0.0,0.0,0.0,0.0,0.0,0.0,0.0,3.0,14.0,15.0,16.0,3.0,4.0,,55.0,0.0,0.0,0.0,0.0,0.0,21.0,49.0,52.0,61.0,94.0,,277.0,2.0,122.0,3.7
17604499WY,5580,WY,WY,2014,FRANNIE DEAVER UTILITIES,FRANNIE DEAVER UTILITIES,FRANNIE - DEAVER UTILITIES,nan,matched,,primary,1,1,no,no,,,,,,,,,,,,,,,,,,39753.0,41477.0,51.0,55.0,277.0,2.0,0.0,0.0,14.0,39.0,0.0,0.0,,0.0,0.0,0.0,39.0,0.0,0.0,0.0,0.0,0.0,21.0,256.0,0.0,0.0,,0.0,0.0,0.0,0.0,0.0,0.0,0.0,3.0,14.0,15.0,16.0,3.0,4.0,,55.0,0.0,0.0,0.0,0.0,0.0,21.0,49.0,52.0,61.0,94.0,,277.0,0.0,196.0,0.0
17604499WY,5580,WY,WY,2015,FRANNIE DEAVER UTILITIES,FRANNIE DEAVER UTILITIES,FRANNIE - DEAVER UTILITIES,Privately Owned,matched,,primary,1,1,no,no,,,17122.0,148520.0,215.0,1862.0,18474.0,16.0,15551.0,115912.0,12.0,,,,,,,35844.0,34787.0,25.0,55.0,278.0,2.0,0.0,0.0,14.0,39.0,0.0,0.0,,0.0,0.0,0.0,39.0,0.0,0.0,0.0,0.0,0.0,21.0,257.0,0.0,0.0,,0.0,0.0,0.0,0.0,0.0,0.0,0.0,3.0,14.0,15.0,16.0,3.0,4.0,,55.0,0.0,0.0,0.0,0.0,0.0,21.0,49.0,52.0,61.0,94.0,,277.0,0.0,144.0,3.0
17604499WY,5580,WY,WY,2016,FRANNIE DEAVER UTILITIES,FRANNIE DEAVER UTILITIES,FRANNIE - DEAVER UTILITIES,Privately Owned,matched,,primary,1,1,no,no,,,17272.0,139106.0,217.0,2088.0,18719.0,16.0,12439.0,82281.0,12.0,,,,,,,34514.0,32048.0,29.0,55.0,278.0,1.0,0.0,0.0,14.0,40.0,0.0,0.0,,0.0,0.0,0.0,40.0,0.0,0.0,0.0,0.0,0.0,21.0,257.0,0.0,0.0,,0.0,0.0,0.0,0.0,0.0,0.0,0.0,3.0,14.0,15.0,16.0,3.0,4.0,,55.0,0.0,0.0,0.0,0.0,0.0,21.0,49.0,52.0,61.0,95.0,,278.0,0.0,138.0,7.57
17604499WY,5580,WY,WY,2017,FRANNIE DEAVER UTILITIES,FRANNIE DEAVER UTILITIES,FRANNIE - DEAVER UTILITIES,Privately Owned,matched,,primary,1,1,no,no,,,20041.0,162647.0,223.0,3365.0,24206.0,16.0,10805.0,77247.0,19.0,,,,,,,34041.0,34516.0,31.0,55.0,281.0,1.0,0.0,0.0,14.0,40.0,0.0,0.0,,0.0,0.0,0.0,40.0,0.0,0.0,0.0,0.0,0.0,21.0,260.0,0.0,0.0,,0.0,0.0,0.0,0.0,0.0,0.0,0.0,3.0,14.0,15.0,16.0,3.0,4.0,,55.0,0.0,0.0,0.0,0.0,0.0,21.0,49.0,52.0,61.0,98.0,,281.0,0.0,125.0,2.24
17604499WY,5580,WY,WY,2018,FRANNIE DEAVER UTILITIES,FRANNIE DEAVER UTILITIES,FRANNIE - DEAVER UTILITIES,Privately Owned,matched,,primary,1,1,no,no,,,20431.0,176311.0,223.0,3417.0,25316.0,16.0,8925.0,73783.0,19.0,,,,,,,34659.0,33093.0,30.0,55.0,281.0,1.0,0.0,0.0,14.0,40.0,0.0,0.0,0.0,0.0,0.0,0.0,40.0,0.0,0.0,0.0,0.0,0.0,21.0,260.0,0.0,0.0,0.0,0.0,0.0,0.0,0.0,0.0,0.0,0.0,3.0,14.0,15.0,16.0,3.0,4.0,,55.0,0.0,0.0,0.0,0.0,0.0,21.0,49.0,52.0,61.0,99.0,,282.0,0.0,241.0,-2.7
17604499WY,5580,WY,WY,2019,FRANNIE DEAVER UTILITIES,FRANNIE DEAVER UTILITIES,FRANNIE - DEAVER UTILITIES,Investor Owned,matched,,primary,1,1,no,no,,,21936.0,205432.0,222.0,2869.0,28596.0,17.0,13327.0,107147.0,12.0,,,,,,,39086.0,38480.0,44.0,55.0,284.0,0.0,0.0,0.0,14.0,41.0,0.0,0.0,0.0,0.0,0.0,0.0,41.0,0.0,0.0,0.0,0.0,0.0,21.0,263.0,0.0,0.0,0.0,0.0,0.0,0.0,0.0,0.0,0.0,0.0,3.0,14.0,15.0,16.0,3.0,4.0,,55.0,0.0,0.0,0.0,0.0,0.0,21.0,49.0,52.0,61.0,101.0,,284.0,0.0,159.0,-1.49
17604499WY,5580,WY,WY,2020,FRANNIE DEAVER UTILITIES,FRANNIE DEAVER UTILITIES,FRANNIE - DEAVER UTILITIES,Investor Owned,matched,,primary,1,1,no,no,,,19368.0,172870.0,224.0,2750.0,25852.0,17.0,8756.0,69411.0,9.0,,,,,,,31969.0,31969.0,876.0,55.0,285.0,0.0,0.0,0.0,14.0,41.0,0.0,0.0,0.0,0.0,0.0,0.0,41.0,0.0,0.0,0.0,0.0,0.0,21.0,264.0,0.0,0.0,0.0,0.0,0.0,0.0,0.0,0.0,0.0,0.0,3.0,14.0,15.0,16.0,3.0,4.0,0.0,55.0,0.0,0.0,0.0,0.0,0.0,21.0,49.0,52.0,61.0,101.0,1.0,285.0,0.0,176.0,-2.05
17604499WY,5580,WY,WY,2021,FRANNIE DEAVER UTILITIES,FRANNIE DEAVER UTILITIES,FRANNIE - DEAVER UTILITIES,Investor Owned,matched,,primary,1,1,no,no,,,19626.0,196220.0,224.0,2822.0,30489.0,17.0,10038.0,90467.0,9.0,,,,,,,32765.0,32765.0,49.0,56.0,288.0,0.0,0.0,0.0,14.0,42.0,0.0,0.0,0.0,0.0,0.0,0.0,42.0,0.0,0.0,0.0,0.0,0.0,21.0,267.0,0.0,0.0,0.0,0.0,0.0,0.0,0.0,0.0,0.0,0.0,3.0,14.0,15.0,16.0,3.0,4.0,1.0,56.0,0.0,0.0,0.0,0.0,0.0,21.0,49.0,52.0,61.0,101.0,4.0,288.0,0.0,244.0,-0.24
17604499WY,5580,WY,WY,2022,FRANNIE DEAVER UTILITIES,FRANNIE DEAVER UTILITIES,FRANNIE - DEAVER UTILITIES,Investor Owned,matched,,primary,1,1,no,no,,,21503.0,218169.0,227.0,3055.0,31737.0,19.0,10876.0,105739.0,13.0,,,,,,,37209.0,37209.0,1513.0,56.0,291.0,0.0,0.0,0.0,14.0,42.0,0.0,0.0,0.0,0.0,0.0,0.0,42.0,0.0,0.0,0.0,0.0,0.0,21.0,270.0,0.0,0.0,0.0,0.0,0.0,0.0,0.0,0.0,0.0,0.0,3.0,14.0,15.0,16.0,3.0,4.0,1.0,56.0,0.0,0.0,0.0,0.0,0.0,21.0,49.0,52.0,61.0,101.0,7.0,291.0,0.0,90.0,-2.68
17604499WY,5580,WY,WY,2023,FRANNIE DEAVER UTILITIES,FRANNIE DEAVER UTILITIES,FRANNIE - DEAVER UTILITIES,Investor Owned,matched,,primary,1,1,no,no,,,19557.0,178370.0,212.0,2731.0,25201.0,13.0,12915.0,101285.0,12.0,,,,,,,36469.0,35414.0,,56.0,291.0,0.0,0.0,0.0,14.0,42.0,0.0,0.0,0.0,0.0,0.0,0.0,42.0,0.0,0.0,0.0,0.0,0.0,21.0,270.0,0.0,0.0,0.0,0.0,0.0,0.0,0.0,0.0,0.0,0.0,3.0,14.0,15.0,16.0,3.0,4.0,1.0,56.0,0.0,0.0,0.0,0.0,0.0,21.0,49.0,52.0,61.0,101.0,7.0,291.0,0.0,94.0,2.63
17604499WY,5580,WY,WY,2024,FRANNIE DEAVER UTILITIES,FRANNIE DEAVER UTILITIES,FRANNIE - DEAVER UTILITIES,Investor Owned,matched,,primary,1,1,no,no,,,18427.0,175973.0,228.0,2610.0,26986.0,17.0,11630.0,87795.0,14.0,,,,,,,34135.0,34210.0,1340.0,56.0,291.0,0.0,0.0,0.0,14.0,42.0,0.0,0.0,0.0,0.0,0.0,0.0,42.0,0.0,0.0,0.0,0.0,0.0,21.0,270.0,0.0,0.0,0.0,0.0,0.0,0.0,0.0,0.0,0.0,0.0,3.0,14.0,15.0,16.0,3.0,4.0,1.0,56.0,0.0,0.0,0.0,0.0,0.0,21.0,49.0,52.0,61.0,101.0,7.0,291.0,0.0,135.0,3.52
17604499WY,5580,WY,WY,2025,FRANNIE DEAVER UTILITIES,FRANNIE DEAVER UTILITIES,FRANNIE - DEAVER UTILITIES,Investor Owned,matched,,primary,1,1,no,no,,,,,,,,,,,,,,,,,,,,,56.0,291.0,0.0,0.0,0.0,14.0,42.0,0.0,0.0,0.0,0.0,0.0,0.0,42.0,0.0,0.0,0.0,0.0,0.0,21.0,270.0,0.0,0.0,0.0,0.0,0.0,0.0,0.0,0.0,0.0,0.0,3.0,14.0,15.0,16.0,3.0,4.0,1.0,56.0,0.0,0.0,0.0,0.0,0.0,21.0,49.0,52.0,61.0,101.0,7.0,291.0,0.0,244.0,3.0
17674363WY,31044,WY,WY,1997,LOWER VALLEY ENERGY INC,LOWER VALLEY ENERGY INC,"LOWER VALLEY ENERGY, INC.",nan,matched,,additional,2,1,no,yes,LOWER VALLEY ENERGY,eia:17674363WY,,,,,,,,,,,,,,,,,,,93.0,2468.0,0.0,0.0,0.0,6.0,87.0,0.0,0.0,,0.0,0.0,0.0,87.0,0.0,0.0,0.0,0.0,0.0,77.0,2391.0,0.0,0.0,,0.0,0.0,0.0,,,,,,,,,,,,,,,,,,,,,,,,,,,6.0
17674363WY,31044,WY,WY,1997,LOWER VALLEY ENERGY INC,LOWER VALLEY ENERGY INC,"LOWER VALLEY ENERGY, INC.",nan,matched,,primary,2,1,no,yes,LOWER VALLEY ENERGY,eia:17674363WY,,,,,,,,,,,,,,,,,,,93.0,2468.0,0.0,0.0,0.0,6.0,87.0,0.0,0.0,,0.0,0.0,0.0,87.0,0.0,0.0,0.0,0.0,0.0,77.0,2391.0,0.0,0.0,,0.0,0.0,0.0,,,,,,,,,,,,,,,,,,,,,,,,,,,6.0
17674363WY,31044,WY,WY,1998,LOWER VALLEY ENERGY INC,LOWER VALLEY ENERGY INC,"LOWER VALLEY ENERGY, INC.",nan,matched,,primary,1,1,no,yes,LOWER VALLEY ENERGY,eia:17674363WY,,,,,,,,,,,,,,,,,,,73.0,2732.0,0.0,0.0,0.0,5.0,68.0,0.0,0.0,,0.0,0.0,0.0,68.0,0.0,0.0,0.0,0.0,0.0,57.0,2675.0,0.0,0.0,,0.0,0.0,0.0,,,,,,,,,,,,,,,,,,,,,,,,,,,0.4
17674363WY,31044,WY,WY,1999,LOWER VALLEY ENERGY INC,LOWER VALLEY ENERGY INC,"LOWER VALLEY ENERGY, INC.",nan,matched,,primary,1,1,no,yes,LOWER VALLEY ENERGY,eia:17674363WY,,,,,,,,,,,,,,,,,,,67.0,2760.0,0.0,0.0,0.0,5.0,62.0,0.0,0.0,,0.0,0.0,0.0,62.0,0.0,0.0,0.0,0.0,0.0,0.0,2760.0,0.0,0.0,,0.0,0.0,0.0,,,,,,,,,,,,,,,,,,,,,,,,,,,0.7
17674363WY,31044,WY,WY,2000,LOWER VALLEY ENERGY INC,LOWER VALLEY ENERGY INC,"LOWER VALLEY ENERGY, INC.",nan,matched,,primary,1,1,no,yes,LOWER VALLEY ENERGY,eia:17674363WY,,,,,,,,,,,,,,,,,,,75.0,2991.0,0.0,0.0,0.0,5.0,70.0,0.0,0.0,,0.0,0.0,0.0,70.0,0.0,0.0,0.0,0.0,0.0,0.0,2991.0,0.0,0.0,,0.0,0.0,0.0,,,,,,,,,,,,,,,,,,,,,,,,,,,0.05
17674363WY,31044,WY,WY,2001,LOWER VALLEY ENERGY INC,LOWER VALLEY ENERGY INC,"LOWER VALLEY ENERGY, INC.",nan,matched,,primary,1,1,no,yes,LOWER VALLEY ENERGY,eia:17674363WY,,,,,,,,,,,,,,,,,,,76.0,3102.0,0.0,0.0,0.0,5.0,71.0,0.0,0.0,,0.0,0.0,0.0,71.0,0.0,0.0,0.0,0.0,0.0,0.0,3102.0,0.0,0.0,,0.0,0.0,0.0,,,,,,,,,,,,,,,,,,,,,,,,,,,0.15
17674363WY,31044,WY,WY,2002,LOWER VALLEY ENERGY INC,LOWER VALLEY ENERGY INC,"LOWER VALLEY ENERGY, INC.",nan,matched,,primary,1,1,no,yes,LOWER VALLEY ENERGY,eia:17674363WY,,,,,,,,,,,,,,,,,,,81.0,3246.0,0.0,0.0,0.0,5.0,76.0,0.0,0.0,,0.0,0.0,0.0,76.0,0.0,0.0,0.0,0.0,0.0,0.0,3246.0,0.0,0.0,,0.0,0.0,0.0,,,,,,,,,,,,,,,,,,,,,,,,,,,0.009
17674363WY,31044,WY,WY,2003,LOWER VALLEY ENERGY INC,LOWER VALLEY ENERGY INC,"LOWER VALLEY ENERGY, INC.",nan,matched,,primary,1,1,no,yes,LOWER VALLEY ENERGY,eia:17674363WY,,,,,,,,,,,,,,,,,,,88.0,3385.0,0.0,0.0,0.0,5.0,83.0,0.0,0.0,,0.0,0.0,0.0,83.0,0.0,0.0,0.0,0.0,0.0,0.0,3385.0,0.0,0.0,,0.0,0.0,0.0,,,,,,,,,,,,,,,,,,,,,,,,,,,0.07
17674363WY,31044,WY,WY,2004,LOWER VALLEY ENERGY INC,LOWER VALLEY ENERGY INC,"LOWER VALLEY ENERGY, INC.",nan,matched,,primary,1,1,no,yes,LOWER VALLEY ENERGY,eia:17674363WY,,,,,,,,,,,,,,,,,,,104.0,3511.0,0.0,0.0,0.0,5.0,99.0,0.0,0.0,,0.0,0.0,0.0,99.0,0.0,0.0,0.0,0.0,0.0,0.0,3511.0,0.0,0.0,,0.0,0.0,0.0,0.0,0.0,0.0,0.0,0.0,0.0,0.0,67.0,37.0,,,104.0,0.0,0.0,0.0,0.0,0.0,0.0,0.0,2760.0,751.0,,,3511.0,,,0.08
17674363WY,31044,WY,WY,2005,LOWER VALLEY ENERGY INC,LOWER VALLEY ENERGY INC,"LOWER VALLEY ENERGY, INC.",nan,matched,,primary,1,1,no,yes,LOWER VALLEY ENERGY,eia:17674363WY,,,,,,,,,,,,,,,,,,,108.0,3597.0,0.0,0.0,0.0,5.0,103.0,0.0,0.0,,0.0,0.0,0.0,103.0,0.0,0.0,0.0,0.0,0.0,0.0,3597.0,0.0,0.0,,0.0,0.0,0.0,0.0,0.0,0.0,0.0,0.0,0.0,0.0,67.0,41.0,,,108.0,0.0,0.0,0.0,0.0,0.0,0.0,0.0,2760.0,837.0,,,3597.0,,,0.008
17674363WY,31044,WY,WY,2006,LOWER VALLEY ENERGY INC,LOWER VALLEY ENERGY INC,"LOWER VALLEY ENERGY, INC.",nan,matched,,primary,1,1,no,yes,LOWER VALLEY ENERGY,eia:17674363WY,,,,,,,,,,,,,,,,,,,111.0,3685.0,0.0,0.0,0.0,5.0,106.0,0.0,0.0,,0.0,0.0,0.0,106.0,0.0,0.0,0.0,0.0,0.0,0.0,3685.0,0.0,0.0,,0.0,0.0,0.0,0.0,0.0,0.0,0.0,0.0,0.0,0.0,67.0,44.0,,,111.0,0.0,0.0,0.0,0.0,0.0,0.0,0.0,2760.0,925.0,,,3685.0,,,5.86
17674363WY,31044,WY,WY,2007,LOWER VALLEY ENERGY INC,LOWER VALLEY ENERGY INC,"LOWER VALLEY ENERGY, INC.",nan,matched,,primary,1,1,no,yes,LOWER VALLEY ENERGY,eia:17674363WY,,,,,,,,,,,,,,,,,,,121.0,3784.0,0.0,0.0,0.0,5.0,116.0,0.0,0.0,,0.0,0.0,0.0,116.0,0.0,0.0,0.0,0.0,0.0,0.0,3784.0,0.0,0.0,,0.0,0.0,0.0,0.0,0.0,0.0,0.0,0.0,0.0,0.0,67.0,54.0,,,121.0,0.0,0.0,0.0,0.0,0.0,0.0,0.0,2760.0,1024.0,,,3784.0,,,4.8
17674363WY,31044,WY,WY,2008,LOWER VALLEY ENERGY INC,LOWER VALLEY ENERGY INC,"LOWER VALLEY ENERGY, INC.",nan,matched,,primary,1,1,no,yes,LOWER VALLEY ENERGY,eia:17674363WY,,,,,,,,,,,,,,,,,,,127.0,3872.0,0.0,0.0,0.0,5.0,122.0,0.0,0.0,,0.0,0.0,0.0,122.0,0.0,0.0,0.0,0.0,0.0,0.0,3872.0,0.0,0.0,,0.0,0.0,0.0,0.0,0.0,0.0,0.0,0.0,0.0,0.0,67.0,60.0,,,127.0,0.0,0.0,0.0,0.0,0.0,0.0,0.0,2760.0,1112.0,,,3872.0,,,3.01
17674363WY,31044,WY,WY,2009,LOWER VALLEY ENERGY INC,LOWER VALLEY ENERGY INC,"LOWER VALLEY ENERGY, INC.",nan,matched,,primary,1,1,no,yes,LOWER VALLEY ENERGY,eia:17674363WY,173803.0,2301894.0,2630.0,372921.0,4311915.0,895.0,,,,,,,,,,577466.0,579960.0,14768.0,133.0,4027.0,0.0,0.0,0.0,5.0,128.0,0.0,0.0,,0.0,0.0,0.0,128.0,0.0,0.0,0.0,0.0,0.0,0.0,4027.0,0.0,0.0,,0.0,0.0,0.0,0.0,0.0,0.0,0.0,0.0,0.0,0.0,67.0,66.0,,,133.0,0.0,0.0,0.0,0.0,0.0,0.0,0.0,2760.0,1267.0,,,4027.0,,,4.6
17674363WY,31044,WY,WY,2010,LOWER VALLEY ENERGY INC,LOWER VALLEY ENERGY INC,"LOWER VALLEY ENERGY, INC.",nan,matched,,primary,1,1,no,yes,LOWER VALLEY ENERGY,eia:17674363WY,195528.0,2271806.0,2655.0,401544.0,4151757.0,888.0,,,,,,,,,,615593.0,616201.0,1340.0,137.0,4110.0,0.0,0.0,0.0,5.0,132.0,0.0,0.0,,0.0,0.0,0.0,132.0,0.0,0.0,0.0,0.0,0.0,0.0,4110.0,0.0,0.0,,0.0,0.0,0.0,0.0,0.0,0.0,0.0,0.0,0.0,0.0,67.0,66.0,4.0,,137.0,0.0,0.0,0.0,0.0,0.0,0.0,0.0,2760.0,1267.0,83.0,,4110.0,15.0,596.0,3.74
17674363WY,31044,WY,WY,2011,LOWER VALLEY ENERGY INC,LOWER VALLEY ENERGY INC,"LOWER VALLEY ENERGY, INC.",nan,matched,,primary,1,1,no,yes,LOWER VALLEY ENERGY,eia:17674363WY,193267.0,2620851.0,2718.0,391004.0,4810915.0,924.0,,,,,,,,,,607804.0,598006.0,60.0,138.0,4162.0,0.0,0.0,0.0,5.0,133.0,0.0,0.0,,0.0,0.0,0.0,133.0,0.0,0.0,0.0,0.0,0.0,0.0,4162.0,0.0,0.0,,0.0,0.0,0.0,0.0,0.0,0.0,0.0,0.0,0.0,0.0,67.0,66.0,5.0,,138.0,0.0,0.0,0.0,0.0,0.0,0.0,0.0,2760.0,1267.0,135.0,,4162.0,10.0,743.0,1.6
17674363WY,31044,WY,WY,2012,LOWER VALLEY ENERGY INC,LOWER VALLEY ENERGY INC,"LOWER VALLEY ENERGY, INC.",nan,matched,,primary,1,1,no,yes,LOWER VALLEY ENERGY,eia:17674363WY,174488.0,2313537.0,2780.0,363677.0,4255237.0,942.0,,,,,,,,,,553905.0,553850.0,821.0,140.0,4163.0,0.0,0.0,0.0,5.0,135.0,0.0,0.0,,0.0,0.0,0.0,135.0,0.0,0.0,0.0,0.0,0.0,0.0,4163.0,0.0,0.0,,0.0,0.0,0.0,0.0,0.0,0.0,0.0,0.0,0.0,0.0,67.0,66.0,7.0,,140.0,0.0,0.0,0.0,0.0,0.0,0.0,0.0,2760.0,1267.0,136.0,,4163.0,6.0,765.0,1.8
17674363WY,31044,WY,WY,2013,LOWER VALLEY ENERGY INC,LOWER VALLEY ENERGY INC,"LOWER VALLEY ENERGY, INC.",nan,matched,,primary,1,1,no,yes,LOWER VALLEY ENERGY,eia:17674363WY,205896.0,2880442.0,2820.0,408822.0,5253528.0,946.0,,,,,,,182.0,2380.0,1.0,634811.0,630182.0,940.0,140.75,4204.0,0.0,0.0,0.0,5.0,135.75,0.0,0.0,,0.0,0.0,0.0,135.75,0.0,0.0,0.0,0.0,0.0,0.0,4204.0,0.0,0.0,,0.0,0.0,0.0,0.0,0.0,0.0,0.0,0.0,0.0,0.0,67.0,66.0,7.75,,140.75,0.0,0.0,0.0,0.0,0.0,0.0,0.0,2760.0,1267.0,177.0,,4204.0,9.0,817.0,0.73
17674363WY,31044,WY,WY,2014,LOWER VALLEY ENERGY INC,LOWER VALLEY ENERGY INC,"LOWER VALLEY ENERGY, INC.",nan,matched,,primary,1,1,no,yes,LOWER VALLEY ENERGY,eia:17674363WY,191573.0,2994062.0,2905.0,423173.0,6030089.0,977.0,,,,,,,1479.0,21657.0,1.0,629987.0,631548.0,53.0,141.44,4266.0,0.0,0.0,0.0,2.0,139.44,0.0,0.0,,0.0,0.0,0.0,139.44,0.0,0.0,0.0,0.0,0.0,0.0,4266.0,0.0,0.0,,0.0,0.0,0.0,0.0,0.0,0.0,0.0,0.0,0.0,0.0,64.0,66.0,11.44,,141.44,0.0,0.0,0.0,0.0,0.0,0.0,0.0,2760.0,1267.0,239.0,,4266.0,8.0,768.0,0.84
17674363WY,31044,WY,WY,2015,LOWER VALLEY ENERGY INC,LOWER VALLEY ENERGY INC,"LOWER VALLEY ENERGY, INC.",Cooperative,matched,,primary,1,1,no,yes,LOWER VALLEY ENERGY,eia:17674363WY,190930.0,2598480.0,3012.0,531907.0,6469364.0,988.0,,,,,,,1512.0,16773.0,1.0,745840.0,745518.0,1900.0,131.74,4272.0,0.0,0.0,0.0,2.0,129.74,0.0,0.0,,0.0,0.0,0.0,129.74,0.0,0.0,0.0,0.0,0.0,2.0,4270.0,0.0,0.0,,0.0,0.0,0.0,0.0,0.0,0.0,0.0,0.0,0.0,0.0,64.0,53.0,14.74,,131.74,0.0,0.0,0.0,0.0,0.0,0.0,0.0,2760.0,1237.0,275.0,,4272.0,3.0,1034.0,0.3
17674363WY,31044,WY,WY,2016,LOWER VALLEY ENERGY INC,LOWER VALLEY ENERGY INC,"LOWER VALLEY ENERGY, INC.",Cooperative,matched,,primary,1,1,no,yes,LOWER VALLEY ENERGY,eia:17674363WY,199447.0,2164005.0,3112.0,550214.0,5782360.0,995.0,,,,,,,1289.0,11947.0,1.0,768809.0,768809.0,2818.0,136.36,4365.0,0.0,0.0,0.0,2.0,134.36,0.0,0.0,,0.0,0.0,0.0,134.36,0.0,0.0,0.0,0.0,0.0,2.0,4363.0,0.0,0.0,,0.0,0.0,0.0,0.0,0.0,0.0,0.0,0.0,0.0,0.0,64.0,53.0,19.36,,136.36,0.0,0.0,0.0,0.0,0.0,0.0,0.0,2760.0,1237.0,368.0,,4365.0,5.0,745.0,0.36
17674363WY,31044,WY,WY,2017,LOWER VALLEY ENERGY INC,LOWER VALLEY ENERGY INC,"LOWER VALLEY ENERGY, INC.",Cooperative,matched,,primary,1,1,no,yes,LOWER VALLEY ENERGY,eia:17674363WY,230038.0,2993659.0,3202.0,585345.0,6614088.0,1015.0,,,,,,,1039.0,10214.0,2.0,832973.0,833073.0,3029.0,138.48,4454.0,0.0,0.0,0.0,2.0,136.48,0.0,0.0,,0.0,0.0,0.0,136.48,0.0,0.0,0.0,0.0,0.0,2.0,4452.0,0.0,0.0,,0.0,0.0,0.0,0.0,0.0,0.0,0.0,0.0,0.0,0.0,64.0,53.0,21.48,,138.48,0.0,0.0,0.0,0.0,0.0,0.0,0.0,2760.0,1237.0,457.0,,4454.0,4.0,840.0,1.93
17674363WY,31044,WY,WY,2018,LOWER VALLEY ENERGY INC,LOWER VALLEY ENERGY INC,"LOWER VALLEY ENERGY, INC.",Cooperative,matched,,primary,1,1,no,yes,LOWER VALLEY ENERGY,eia:17674363WY,233951.0,2902695.0,3326.0,594219.0,6337546.0,1022.0,,,,,,,2031.0,18882.0,12.0,869775.0,854238.0,9521.0,141.53,4547.0,0.0,0.0,0.0,2.0,139.53,0.0,0.0,0.0,0.0,0.0,0.0,139.53,0.0,0.0,0.0,0.0,0.0,2.0,4545.0,0.0,0.0,0.0,0.0,0.0,0.0,0.0,0.0,0.0,0.0,0.0,0.0,0.0,64.0,53.0,24.53,,141.53,0.0,0.0,0.0,0.0,0.0,0.0,0.0,2760.0,1237.0,550.0,,4547.0,6.0,1110.0,1.14
17674363WY,31044,WY,WY,2019,LOWER VALLEY ENERGY INC,LOWER VALLEY ENERGY INC,"LOWER VALLEY ENERGY, INC.",Cooperative,matched,,primary,1,1,no,yes,LOWER VALLEY ENERGY,eia:17674363WY,265118.0,3321970.0,3396.0,615827.0,6821181.0,1028.0,,,,,,,2074.0,17505.0,9.0,928834.0,906900.0,11430.0,151.8,4604.0,0.0,0.0,0.0,2.0,149.8,0.0,0.0,0.0,0.0,0.0,0.0,149.8,0.0,0.0,0.0,0.0,0.0,2.0,4602.0,0.0,0.0,0.0,0.0,0.0,0.0,0.0,0.0,0.0,0.0,0.0,0.0,0.0,64.0,53.0,34.44,,151.44,0.0,0.0,0.0,0.0,0.0,0.0,0.0,2760.0,1237.0,607.0,,4604.0,10.0,960.0,3.7
17674363WY,31044,WY,WY,2020,LOWER VALLEY ENERGY INC,LOWER VALLEY ENERGY INC,"LOWER VALLEY ENERGY, INC.",Cooperative,matched,,primary,1,1,no,yes,LOWER VALLEY ENERGY,eia:17674363WY,276830.0,3303938.0,3514.0,591603.0,6095601.0,1038.0,,,,,,,1671.0,14743.0,9.0,901836.0,893892.0,12600.0,267.06,4552.0,0.0,0.0,0.0,2.0,265.06,0.0,0.0,0.0,0.0,0.0,0.0,265.06,0.0,0.0,0.0,0.0,0.0,2.0,4550.0,0.0,0.0,0.0,0.0,0.0,0.0,0.0,0.0,0.0,0.0,0.0,0.0,0.0,64.0,98.82,97.26,6.97,267.05,0.0,0.0,0.0,0.0,0.0,0.0,0.0,2600.0,1237.0,607.0,108.0,4552.0,12.0,1250.0,2.2
17674363WY,31044,WY,WY,2021,LOWER VALLEY ENERGY INC,LOWER VALLEY ENERGY INC,"LOWER VALLEY ENERGY, INC.",Cooperative,matched,,primary,1,1,no,yes,LOWER VALLEY ENERGY,eia:17674363WY,266981.0,3289996.0,3590.0,579679.0,6270729.0,1025.0,,,,,,,1637.0,14399.0,9.0,882423.0,882423.0,27310.0,284.0,4615.0,0.0,0.0,0.0,2.0,282.0,0.0,0.0,0.0,0.0,0.0,0.0,282.0,0.0,0.0,0.0,0.0,0.0,2.0,4613.0,0.0,0.0,0.0,0.0,0.0,0.0,0.0,0.0,0.0,0.0,0.0,0.0,0.0,64.0,98.82,97.26,23.92,284.0,0.0,0.0,0.0,0.0,0.0,0.0,0.0,2600.0,1237.0,607.0,171.0,4615.0,11.0,1300.0,2.3
17674363WY,31044,WY,WY,2022,LOWER VALLEY ENERGY INC,LOWER VALLEY ENERGY INC,"LOWER VALLEY ENERGY, INC.",Cooperative,matched,,primary,1,1,no,yes,LOWER VALLEY ENERGY,eia:17674363WY,338608.0,5065878.0,3727.0,686436.0,9397383.0,1022.0,,,,,,,1225.0,17003.0,7.0,1017924.0,1028143.0,,302.65,4749.0,0.0,0.0,0.0,0.0,302.65,0.0,0.0,0.0,0.0,0.0,0.0,302.65,0.0,0.0,0.0,0.0,0.0,0.0,4749.0,0.0,0.0,0.0,0.0,0.0,0.0,0.0,0.0,0.0,0.0,0.0,0.0,0.0,64.0,98.82,97.26,42.57,302.65,0.0,0.0,0.0,0.0,0.0,0.0,0.0,2600.0,1237.0,607.0,305.0,4749.0,7.0,1300.0,-0.26
17674363WY,31044,WY,WY,2023,LOWER VALLEY ENERGY INC,LOWER VALLEY ENERGY INC,"LOWER VALLEY ENERGY, INC.",Cooperative,matched,,primary,1,1,no,yes,LOWER VALLEY ENERGY,eia:17674363WY,330092.0,5115006.0,3861.0,734465.0,9952621.0,1022.0,,,,,,,2375.0,18710.0,7.0,1099437.0,1073976.0,,316.57,4883.0,0.0,0.0,0.0,0.0,316.57,0.0,0.0,0.0,0.0,0.0,0.0,316.57,0.0,0.0,0.0,0.0,0.0,0.0,4883.0,0.0,0.0,0.0,0.0,0.0,0.0,0.0,0.0,0.0,0.0,0.0,0.0,0.0,64.0,98.82,97.26,56.49,316.57,0.0,0.0,0.0,0.0,0.0,0.0,0.0,2600.0,1237.0,607.0,439.0,4883.0,19.0,1350.0,0.23
17674363WY,31044,WY,WY,2024,LOWER VALLEY ENERGY INC,LOWER VALLEY ENERGY INC,"LOWER VALLEY ENERGY, INC.",Cooperative,matched,,primary,1,1,no,yes,LOWER VALLEY ENERGY,eia:17674363WY,331198.0,4915125.0,4021.0,758500.0,10627134.0,1032.0,,,,,,,1076.0,13897.0,7.0,1110616.0,1092413.0,,340.22,5053.0,0.0,0.0,0.0,0.0,340.22,0.0,0.0,0.0,0.0,0.0,0.0,340.22,0.0,0.0,0.0,0.0,0.0,0.0,5053.0,0.0,0.0,0.0,0.0,0.0,0.0,0.0,0.0,0.0,0.0,0.0,0.0,0.0,64.0,98.82,97.26,80.14,340.22,0.0,0.0,0.0,0.0,0.0,0.0,0.0,2600.0,1237.0,607.0,609.0,5053.0,5.0,1200.0,1.6
17674363WY,31044,WY,WY,2025,LOWER VALLEY ENERGY INC,LOWER VALLEY ENERGY INC,"LOWER VALLEY ENERGY, INC.",Cooperative,matched,,primary,1,1,no,yes,LOWER VALLEY ENERGY,eia:17674363WY,,,,,,,,,,,,,,,,,,,435.33,5160.0,0.0,0.0,0.0,0.0,435.33,0.0,0.0,0.0,0.0,0.0,0.0,435.33,0.0,0.0,0.0,0.0,0.0,0.0,5160.0,0.0,0.0,0.0,0.0,0.0,0.0,0.0,0.0,0.0,0.0,0.0,0.0,0.0,64.0,98.82,97.26,175.25,435.33,0.0,0.0,0.0,0.0,0.0,0.0,0.0,2600.0,1237.0,607.0,716.0,5160.0,5.0,1250.0,0.4
17619745WY,,,WY,1997,MGTC INC,MGTC INC,,,eia_only,,,,0,,yes,MGTC INC,geo:MGTC INC|WY,20400.0,84679.0,169.0,16690.0,69283.0,29.0,298729.0,1091524.0,45.0,,,,,,,3442571.0,3428315.0,,,,,,,,,,,,,,,,,,,,,,,,,,,,,,,,,,,,,,,,,,,,,,,,,,,,,,,
17619745WY,,,WY,1998,MGTC INC,MGTC INC,,,eia_only,,,,0,,yes,MGTC INC,geo:MGTC INC|WY,24000.0,101031.0,168.0,19637.0,82662.0,29.0,247651.0,929834.0,45.0,,,,,,,3499724.0,3519672.0,,,,,,,,,,,,,,,,,,,,,,,,,,,,,,,,,,,,,,,,,,,,,,,,,,,,,,,
17619745WY,,,WY,1999,MGTC INC,MGTC INC,,,eia_only,,,,0,,yes,MGTC INC,geo:MGTC INC|WY,23802.0,98563.0,170.0,19474.0,80642.0,29.0,226283.0,849766.0,45.0,,,,,,,4028450.0,4040870.0,,,,,,,,,,,,,,,,,,,,,,,,,,,,,,,,,,,,,,,,,,,,,,,,,,,,,,,
17619745WY,,,WY,2000,MGTC INC,MGTC INC,,,eia_only,,,,0,,yes,MGTC INC,geo:MGTC INC|WY,26316.0,110235.0,193.0,23336.0,97755.0,27.0,246828.0,905652.0,42.0,,,,,,,4090742.0,4075621.0,,,,,,,,,,,,,,,,,,,,,,,,,,,,,,,,,,,,,,,,,,,,,,,,,,,,,,,
17619745WY,,,WY,2002,MGTC INC,MGTC INC,,,eia_only,,,,0,,yes,MGTC INC,geo:MGTC INC|WY,25997.0,125448.0,211.0,29315.0,141463.0,34.0,266376.0,985493.0,43.0,,,,,,,3366631.0,3469910.0,,,,,,,,,,,,,,,,,,,,,,,,,,,,,,,,,,,,,,,,,,,,,,,,,,,,,,,
17619745WY,,,WY,2003,MGTC INC,MGTC INC,,,eia_only,,,,0,,yes,MGTC INC,geo:MGTC INC|WY,28833.0,126695.0,222.0,27703.0,121726.0,32.0,214324.0,849822.0,37.0,,,,,,,3673930.0,3682158.0,7038.0,,,,,,,,,,,,,,,,,,,,,,,,,,,,,,,,,,,,,,,,,,,,,,,,,,,,,,
17619745WY,,,WY,2004,MGTC INC,MGTC INC,,,eia_only,,,,0,,yes,MGTC INC,geo:MGTC INC|WY,22693.0,158884.0,221.0,26640.0,186519.0,34.0,235718.0,1509667.0,36.0,,,,,,,3329584.0,3251441.0,12146.0,,,,,,,,,,,,,,,,,,,,,,,,,,,,,,,,,,,,,,,,,,,,,,,,,,,,,,
17619745WY,,,WY,2005,MGTC INC,MGTC INC,,,eia_only,,,,0,,yes,MGTC INC,geo:MGTC INC|WY,27060.0,244168.0,245.0,23052.0,207992.0,36.0,243616.0,1964484.0,35.0,,,,,,,3419381.0,3419159.0,,,,,,,,,,,,,,,,,,,,,,,,,,,,,,,,,,,,,,,,,,,,,,,,,,,,,,,
17619745WY,,,WY,2006,MGTC INC,MGTC INC,,,eia_only,,,,0,,yes,MGTC INC,geo:MGTC INC|WY,25668.0,239941.0,282.0,20917.0,197696.0,36.0,242556.0,2095532.0,34.0,,,,,,,3182429.0,3186853.0,,,,,,,,,,,,,,,,,,,,,,,,,,,,,,,,,,,,,,,,,,,,,,,,,,,,,,,
17619745WY,,,WY,2007,MGTC INC,MGTC INC,,,eia_only,,,,0,,yes,MGTC INC,geo:MGTC INC|WY,37423.0,264227.0,293.0,18488.0,130475.0,35.0,226898.0,1442172.0,37.0,,,,,,,2991950.0,2991836.0,,,,,,,,,,,,,,,,,,,,,,,,,,,,,,,,,,,,,,,,,,,,,,,,,,,,,,,
17619745WY,,,WY,2008,MGTC INC,MGTC INC,,,eia_only,,,,0,,yes,MGTC INC,geo:MGTC INC|WY,39372.0,302487.0,330.0,19396.0,148367.0,33.0,282692.0,2234690.0,52.0,,,,,,,2841315.0,2887276.0,,,,,,,,,,,,,,,,,,,,,,,,,,,,,,,,,,,,,,,,,,,,,,,,,,,,,,,
17619745WY,,,WY,2009,MGTC INC,MGTC INC,,,eia_only,,,,0,,yes,MGTC INC,geo:MGTC INC|WY,43054.0,280867.0,313.0,19245.0,127558.0,35.0,271718.0,1642648.0,35.0,,,,,,,2899306.0,2898861.0,,,,,,,,,,,,,,,,,,,,,,,,,,,,,,,,,,,,,,,,,,,,,,,,,,,,,,,
17619745WY,,,WY,2010,MGTC INC,MGTC INC,,,eia_only,,,,0,,yes,MGTC INC,geo:MGTC INC|WY,42579.0,219353.0,316.0,16529.0,83671.0,35.0,240293.0,1088127.0,35.0,,,,,,,2649895.0,2650346.0,960.0,,,,,,,,,,,,,,,,,,,,,,,,,,,,,,,,,,,,,,,,,,,,,,,,,,,,,,
17619745WY,,,WY,2011,MGTC INC,MGTC INC,,,eia_only,,,,0,,yes,MGTC INC,geo:MGTC INC|WY,48826.0,296207.0,322.0,17672.0,107130.0,34.0,259735.0,1397501.0,35.0,,,,,,,3049350.0,3050930.0,7034.0,,,,,,,,,,,,,,,,,,,,,,,,,,,,,,,,,,,,,,,,,,,,,,,,,,,,,,
17619745WY,,,WY,2012,MGTC INC,MGTC INC,,,eia_only,,,,0,,yes,MGTC INC,geo:MGTC INC|WY,42066.0,216974.0,321.0,23824.0,101553.0,34.0,236093.0,1247323.0,35.0,,,,,,,2678051.0,2691577.0,2768.0,,,,,,,,,,,,,,,,,,,,,,,,,,,,,,,,,,,,,,,,,,,,,,,,,,,,,,
17619745WY,,,WY,2013,MGTC INC,MGTC INC,,,eia_only,,,,0,,yes,MGTC INC,geo:MGTC INC|WY,41386.0,197074.0,321.0,22684.0,108198.0,34.0,315654.0,1253287.0,35.0,,,,,,,3110868.0,3157287.0,1753.0,,,,,,,,,,,,,,,,,,,,,,,,,,,,,,,,,,,,,,,,,,,,,,,,,,,,,,
17619745WY,,,WY,2014,MGTC INC,MGTC INC,,,eia_only,,,,0,,yes,MGTC INC,geo:MGTC INC|WY,44034.0,276476.0,321.0,25863.0,162844.0,34.0,295629.0,1649442.0,35.0,,,,,,,3149752.0,3132039.0,5283.0,,,,,,,,,,,,,,,,,,,,,,,,,,,,,,,,,,,,,,,,,,,,,,,,,,,,,,
17627004WY,12684,WY,WY,1997,MONTANA DAKOTA UTILITIES CO,MONTANA DAKOTA UTILITIES CO,MONTANA - DAKOTA UTILITIES CO,nan,matched,,primary,1,1,no,no,,,1304249.0,6184107.0,12049.0,828549.0,3467797.0,1732.0,11596.0,48409.0,9.0,,,,321.0,1265.0,2.0,3804350.0,3808024.0,,457.0,13766.0,0.0,0.0,0.0,202.0,255.0,0.0,0.0,,0.0,0.0,0.0,255.0,0.0,0.0,0.0,0.0,0.0,9354.0,4412.0,0.0,0.0,,0.0,0.0,0.0,,,,,,,,,,,,,,,,,,,,,,,,,,,0.6
17627004WY,12684,WY,WY,1998,MONTANA DAKOTA UTILITIES CO,MONTANA DAKOTA UTILITIES CO,MONTANA - DAKOTA UTILITIES CO,nan,matched,,primary,1,1,no,no,,,1190108.0,6429185.0,12296.0,736596.0,3492510.0,1737.0,14923.0,67205.0,7.0,,,,24.0,124.0,1.0,3923705.0,3913773.0,,458.0,13934.0,0.0,0.0,0.0,201.0,257.0,0.0,0.0,,0.0,0.0,0.0,257.0,0.0,0.0,0.0,0.0,0.0,9349.0,4585.0,0.0,0.0,,0.0,0.0,0.0,,,,,,,,,,,,,,,,,,,,,,,,,,,6.05
17627004WY,12684,WY,WY,1999,MONTANA DAKOTA UTILITIES CO,MONTANA DAKOTA UTILITIES CO,MONTANA - DAKOTA UTILITIES CO,nan,matched,,primary,1,1,no,no,,,1189474.0,6705523.0,12490.0,755129.0,3743925.0,1756.0,7948.0,38122.0,7.0,,,,222.0,1105.0,1.0,3885265.0,3944004.0,,461.0,13979.0,0.0,0.0,0.0,200.0,261.0,0.0,0.0,,0.0,0.0,0.0,260.0,0.0,0.0,0.0,0.0,0.0,9324.0,4655.0,0.0,0.0,,0.0,0.0,0.0,,,,,,,,,,,,,,,,,,,,,,,,,,,0.36
17627004WY,12684,WY,WY,2000,MONTANA DAKOTA UTILITIES CO,MONTANA DAKOTA UTILITIES CO,MONTANA - DAKOTA UTILITIES CO,nan,matched,,primary,1,1,no,no,,,1346292.0,8272672.0,12691.0,869281.0,4839494.0,1785.0,6913.0,39006.0,6.0,,,,1370.0,7164.0,1.0,4500480.0,4453130.0,,472.0,14192.0,0.0,0.0,0.0,200.0,272.0,0.0,0.0,,0.0,0.0,0.0,272.0,0.0,0.0,0.0,0.0,0.0,9242.0,4950.0,0.0,0.0,,0.0,0.0,0.0,,,,,,,,,,,,,,,,,,,,,,,,,,,0.17
17627004WY,12684,WY,WY,2001,MONTANA DAKOTA UTILITIES CO,MONTANA DAKOTA UTILITIES CO,MONTANA - DAKOTA UTILITIES CO,nan,matched,,primary,1,1,no,no,,,,,,,,,,,,,,,,,,,,,481.0,14365.0,0.0,0.0,0.0,199.0,282.0,0.0,0.0,,0.0,0.0,0.0,282.0,0.0,0.0,0.0,0.0,0.0,9196.0,5169.0,0.0,0.0,,0.0,0.0,0.0,,,,,,,,,,,,,,,,,,,,,,,,,,,0.68
17627004WY,12684,WY,WY,2002,MONTANA DAKOTA UTILITIES CO,MONTANA DAKOTA UTILITIES CO,MONTANA - DAKOTA UTILITIES CO,nan,matched,,primary,1,1,no,no,,,1386464.0,6563128.0,13103.0,915184.0,3736264.0,1832.0,10007.0,40899.0,5.0,,,,516.0,2092.0,1.0,4029965.0,3994058.0,,493.0,14677.0,0.0,0.0,0.0,198.0,295.0,0.0,0.0,,0.0,0.0,0.0,295.0,0.0,0.0,0.0,0.0,0.0,9134.0,5543.0,0.0,0.0,,0.0,0.0,0.0,,,,,,,,,,,,,,,,,,,,,,,,,,,2.34
17627004WY,12684,WY,WY,2003,MONTANA DAKOTA UTILITIES CO,MONTANA DAKOTA UTILITIES CO,MONTANA - DAKOTA UTILITIES CO,nan,matched,,primary,1,1,no,no,,,1338156.0,9730986.0,13439.0,827139.0,5497482.0,1881.0,12110.0,80624.0,6.0,,,,152.0,1514.0,1.0,3812609.0,3802125.0,,500.0,14937.0,0.0,0.0,0.0,197.0,303.0,0.0,0.0,,0.0,0.0,0.0,303.0,0.0,0.0,0.0,0.0,0.0,9013.0,5924.0,0.0,0.0,,0.0,0.0,0.0,,,,,,,,,,,,,,,,,,,,,,,,,,,2.69
17627004WY,12684,WY,WY,2004,MONTANA DAKOTA UTILITIES CO,MONTANA DAKOTA UTILITIES CO,MONTANA - DAKOTA UTILITIES CO,nan,matched,,primary,1,1,no,no,,,1260379.0,11650303.0,13661.0,764694.0,6589949.0,1923.0,12846.0,112992.0,6.0,,,,33.0,623.0,1.0,3790271.0,3789688.0,,500.0,14937.0,0.0,0.0,0.0,197.0,303.0,0.0,0.0,,0.0,0.0,0.0,302.0,0.0,0.0,0.0,0.0,0.0,9013.0,5924.0,0.0,0.0,,0.0,0.0,0.0,500.0,0.0,0.0,0.0,0.0,0.0,0.0,0.0,0.0,,,500.0,14937.0,0.0,0.0,0.0,0.0,0.0,0.0,0.0,0.0,,,14937.0,,,2.67
17627004WY,12684,WY,WY,2005,MONTANA DAKOTA UTILITIES CO,MONTANA DAKOTA UTILITIES CO,MONTANA - DAKOTA UTILITIES CO,nan,matched,,primary,1,1,no,no,,,1278999.0,14534065.0,13861.0,791992.0,8454879.0,1957.0,10394.0,110011.0,5.0,,,,,,,3805806.0,3798300.0,,518.0,16814.0,0.0,0.0,0.0,187.0,331.0,0.0,0.0,,0.0,0.0,0.0,331.0,0.0,0.0,0.0,0.0,0.0,10127.0,6687.0,0.0,0.0,,0.0,0.0,0.0,61.0,0.0,3.0,21.0,68.0,118.0,123.0,61.0,63.0,,,518.0,3165.0,10.0,140.0,747.0,2515.0,3271.0,2352.0,2300.0,2314.0,,,16814.0,,,0.24
17627004WY,12684,WY,WY,2006,MONTANA DAKOTA UTILITIES CO,MONTANA DAKOTA UTILITIES CO,MONTANA - DAKOTA UTILITIES CO,nan,matched,,primary,1,1,no,no,,,1225003.0,11941939.0,14067.0,777157.0,6966381.0,1971.0,12249.0,102486.0,6.0,,,,,,,3991289.0,3981823.0,,542.938,17056.0,0.0,0.0,0.28,187.412,355.246,0.0,0.0,,0.0,0.0,0.0,355.246,0.0,0.0,0.0,0.0,0.0,9964.0,7092.0,0.0,0.0,,0.0,0.0,0.0,61.12,0.291,3.129,20.763,68.064,115.169,120.88,60.599,92.923,,,542.938,3088.0,10.0,139.0,724.0,2471.0,3245.0,2324.0,2286.0,2769.0,,,17056.0,,,1.33
17627004WY,12684,WY,WY,2007,MONTANA DAKOTA UTILITIES CO,MONTANA DAKOTA UTILITIES CO,MONTANA - DAKOTA UTILITIES CO,nan,matched,,primary,1,1,no,no,,,1320483.0,9814147.0,14377.0,854297.0,5747697.0,2008.0,15149.0,89965.0,6.0,,,,,,,4027901.0,3862448.0,,559.247,17330.0,0.0,0.0,0.28,185.691,373.276,0.0,0.0,,0.0,0.0,0.0,373.276,0.0,0.0,0.0,0.0,0.0,9857.0,7473.0,0.0,0.0,,0.0,0.0,0.0,60.892,0.396,3.129,20.162,67.825,115.481,120.243,60.311,110.808,,,559.247,3043.0,9.0,137.0,711.0,2451.0,3219.0,2309.0,2280.0,3171.0,,,17330.0,,,0.37
17627004WY,12684,WY,WY,2008,MONTANA DAKOTA UTILITIES CO,MONTANA DAKOTA UTILITIES CO,MONTANA - DAKOTA UTILITIES CO,nan,matched,,primary,1,1,no,no,,,1433304.0,13614616.0,14748.0,912124.0,8178995.0,2064.0,12995.0,119637.0,7.0,,,,,,,4062858.0,4054159.0,,549.414,17393.0,0.0,0.0,0.0,179.212,370.202,0.0,0.0,,0.0,0.0,0.0,370.202,0.0,0.0,0.0,0.0,0.0,9667.0,7726.0,0.0,0.0,,0.0,0.0,0.0,59.423,0.4,3.065,18.276,63.995,111.797,111.148,55.841,125.469,,,549.414,2919.0,37.0,134.0,692.0,2408.0,3157.0,2259.0,2226.0,3561.0,,,17393.0,,,0.0
17627004WY,12684,WY,WY,2009,MONTANA DAKOTA UTILITIES CO,MONTANA DAKOTA UTILITIES CO,MONTANA - DAKOTA UTILITIES CO,nan,matched,,primary,1,1,no,no,,,1444986.0,11369699.0,14984.0,932560.0,6696714.0,2086.0,12443.0,82957.0,6.0,,,,,,,3995313.0,3991305.0,,589.333,17910.0,0.0,0.0,0.283,183.232,405.818,0.0,0.0,,0.0,0.0,0.0,405.818,0.0,0.0,0.0,0.0,0.0,8676.0,9234.0,0.0,0.0,,0.0,0.0,0.0,64.838,0.934,2.822,19.611,66.862,114.209,116.153,60.095,143.809,,,589.333,2791.0,16.0,127.0,672.0,2383.0,3173.0,2438.0,2259.0,4051.0,,,17910.0,,,1.57
17627004WY,12684,WY,WY,2010,MONTANA DAKOTA UTILITIES CO,MONTANA DAKOTA UTILITIES CO,MONTANA - DAKOTA UTILITIES CO,nan,matched,,primary,1,1,no,no,,,1383950.0,10042781.0,15176.0,885305.0,5788243.0,2075.0,11168.0,70386.0,9.0,,,,,,,4043600.0,4036975.0,,599.339,18250.0,0.0,0.0,0.28,181.251,417.808,0.0,0.0,,0.0,0.0,0.0,417.808,0.0,0.0,0.0,0.0,0.0,8354.0,9896.0,0.0,0.0,,0.0,0.0,0.0,65.886,0.934,2.822,19.181,66.339,114.618,116.209,60.119,145.691,7.54,,599.339,2717.0,16.0,125.0,649.0,2343.0,3205.0,2439.0,2295.0,4095.0,366.0,,18250.0,70.0,13664.0,0.33
17627004WY,12684,WY,WY,2011,MONTANA DAKOTA UTILITIES CO,MONTANA DAKOTA UTILITIES CO,MONTANA - DAKOTA UTILITIES CO,nan,matched,,primary,1,1,no,no,,,1445778.0,10396210.0,15389.0,913836.0,5950440.0,2124.0,21859.0,132014.0,7.0,,,,,,,4160483.0,4168710.0,,609.401,18217.0,0.0,0.0,0.0,174.859,434.542,0.0,0.0,,0.0,0.0,0.0,434.542,0.0,0.0,0.0,0.0,0.0,7954.0,10263.0,0.0,0.0,,0.0,0.0,0.0,64.714,0.934,2.482,18.496,65.227,113.007,115.73,59.883,145.745,23.183,,609.401,2569.0,16.0,118.0,600.0,2282.0,3038.0,2394.0,2227.0,4077.0,896.0,,18217.0,22.0,6650.0,0.0
17627004WY,12684,WY,WY,2012,MONTANA DAKOTA UTILITIES CO,MONTANA DAKOTA UTILITIES CO,MONTANA - DAKOTA UTILITIES CO,nan,matched,,primary,1,1,no,no,,,1266365.0,8138633.0,15567.0,836388.0,4642944.0,2141.0,11543.0,59691.0,8.0,,,,,,,4298282.0,4293151.0,,615.563,18398.0,0.0,0.0,0.0,173.594,441.969,0.0,0.0,,0.0,0.0,0.0,441.969,0.0,0.0,0.0,0.0,0.0,7807.0,10591.0,0.0,0.0,,0.0,0.0,0.0,64.319,0.934,2.482,18.108,63.741,112.856,115.608,59.929,145.759,31.827,,615.563,2515.0,16.0,117.0,592.0,2212.0,3006.0,2373.0,2214.0,4067.0,1286.0,,18398.0,18.0,7858.0,0.32
17627004WY,12684,WY,WY,2013,MONTANA DAKOTA UTILITIES CO,MONTANA DAKOTA UTILITIES CO,MONTANA - DAKOTA UTILITIES CO,nan,matched,,primary,1,1,no,no,,,1481330.0,9591064.0,15733.0,1049869.0,5993800.0,2183.0,26363.0,147660.0,11.0,,,,,,,4607968.0,4552825.0,,618.478,18210.0,0.0,0.0,0.0,164.563,453.915,0.0,0.0,,0.0,0.0,0.0,453.915,0.0,0.0,0.0,0.0,0.0,7405.0,10805.0,0.0,0.0,,0.0,0.0,0.0,62.882,0.935,2.482,16.93,59.718,111.298,115.07,59.775,145.769,43.619,,618.478,2378.0,16.0,108.0,567.0,2135.0,2889.0,2311.0,2190.0,4055.0,1561.0,,18210.0,47.0,6894.0,0.0
17627004WY,12684,WY,WY,2014,MONTANA DAKOTA UTILITIES CO,MONTANA DAKOTA UTILITIES CO,MONTANA - DAKOTA UTILITIES CO,nan,matched,,primary,1,1,no,no,,,1514189.0,11495020.0,15915.0,1085998.0,7386190.0,2206.0,46890.0,300662.0,13.0,,,,,,,4668557.0,4669506.0,,628.748,18500.0,0.0,0.0,0.0,164.915,463.833,0.0,0.0,,0.0,0.0,0.0,463.833,0.0,0.0,0.0,0.0,0.0,7335.0,11165.0,0.0,0.0,,0.0,0.0,0.0,62.982,0.26,2.325,16.77,58.576,110.8,115.427,60.283,145.859,55.466,,628.748,2381.0,16.0,103.0,553.0,2115.0,2890.0,2301.0,2189.0,4054.0,1898.0,,18500.0,61.0,6894.0,0.0
17627004WY,12684,WY,WY,2015,MONTANA DAKOTA UTILITIES CO,MONTANA DAKOTA UTILITIES CO,MONTANA - DAKOTA UTILITIES CO,Investor Owned,matched,,primary,1,1,no,no,,,1336657.0,9264448.0,16072.0,982085.0,5517830.0,2229.0,18263.0,98694.0,12.0,,,,,,,4571592.0,4580677.0,,636.727,18698.0,0.0,0.0,0.0,162.534,474.193,0.0,0.0,,0.0,0.0,0.0,474.194,0.0,0.0,0.0,0.0,0.0,7375.0,11323.0,0.0,0.0,,0.0,0.0,0.0,63.744,0.26,2.326,15.798,58.064,110.792,114.842,61.62,145.838,63.643,,636.927,2362.0,16.0,102.0,543.0,2080.0,2876.0,2277.0,2180.0,4045.0,2217.0,,18698.0,32.0,6683.0,0.02
17627004WY,12684,WY,WY,2016,MONTANA DAKOTA UTILITIES CO,MONTANA DAKOTA UTILITIES CO,MONTANA - DAKOTA UTILITIES CO,Investor Owned,matched,,primary,1,1,no,no,,,1303796.0,8187002.0,16240.0,963212.0,4410615.0,2263.0,18506.0,75747.0,9.0,0.0,0.0,0.0,,,,4545985.0,4497404.0,,639.48,18932.0,0.0,0.0,0.0,161.87,477.61,0.0,0.0,0.0,0.0,0.0,0.0,477.61,0.0,0.0,0.0,0.0,0.0,7155.0,11777.0,0.0,0.0,0.0,0.0,0.0,0.0,63.44,0.26,2.33,15.8,58.06,110.46,114.59,61.19,145.73,67.61,,639.47,2338.0,21.0,101.0,539.0,2056.0,2902.0,2289.0,2204.0,4040.0,2442.0,,18932.0,35.0,7516.0,0.0
17627004WY,12684,WY,WY,2017,MONTANA DAKOTA UTILITIES CO,MONTANA DAKOTA UTILITIES CO,MONTANA - DAKOTA UTILITIES CO,Investor Owned,matched,,primary,1,1,no,no,,,1405852.0,9491757.0,16424.0,995160.0,5182132.0,2292.0,16004.0,74950.0,8.0,,,,,,,4930189.0,4879468.0,,650.53,19121.0,0.0,0.0,0.0,161.62,488.91,0.0,0.0,0.0,0.0,0.0,0.0,488.9,0.0,0.0,0.0,0.0,0.0,7222.0,11899.0,,0.0,,,,,66.01,0.0,2.11,15.75,57.71,110.72,115.13,61.1,145.51,76.49,,650.53,2328.0,3.0,100.0,534.0,2033.0,2875.0,2265.0,2208.0,4042.0,2733.0,,19121.0,39.0,7588.0,0.95
17627004WY,12684,WY,WY,2018,MONTANA DAKOTA UTILITIES CO,MONTANA DAKOTA UTILITIES CO,MONTANA - DAKOTA UTILITIES CO,Investor Owned,matched,,primary,1,1,no,no,,,1533745.0,9701505.0,16572.0,1046796.0,5142528.0,2329.0,15640.0,70094.0,8.0,,,,,,,5580470.0,5279645.0,,656.43,19577.0,,,,160.24,496.19,0.0,0.0,0.0,0.0,0.0,0.0,496.19,0.0,0.0,,,,7097.0,12480.0,0.0,0.0,0.0,0.0,0.0,0.0,65.76,0.0,2.11,15.64,56.82,110.64,114.56,61.0,145.14,84.76,,656.43,2252.0,3.0,100.0,530.0,1984.0,2842.0,2239.0,2201.0,4100.0,3326.0,,19577.0,25.0,7180.0,1.07
17627004WY,12684,WY,WY,2019,MONTANA DAKOTA UTILITIES CO,MONTANA DAKOTA UTILITIES CO,MONTANA - DAKOTA UTILITIES CO,Investor Owned,matched,,primary,1,1,no,no,,,1637247.0,10338958.0,16759.0,1112482.0,5546716.0,2349.0,12959.0,60352.0,8.0,,,,,,,5700368.0,5465828.0,,661.86,19715.0,,,,159.84,502.02,0.0,0.0,0.0,0.0,0.0,0.0,502.02,0.0,0.0,,,,6934.0,12781.0,0.0,0.0,0.0,0.0,0.0,0.0,65.68,0.0,2.11,15.67,56.65,110.7,114.68,61.1,145.39,89.88,,661.86,2206.0,3.0,97.0,527.0,1891.0,2811.0,2218.0,2191.0,4085.0,3686.0,,19715.0,31.0,8377.0,0.11
17627004WY,12684,WY,WY,2020,MONTANA DAKOTA UTILITIES CO,MONTANA DAKOTA UTILITIES CO,MONTANA - DAKOTA UTILITIES CO,Investor Owned,matched,,primary,1,1,no,no,,,1517706.0,9961865.0,16982.0,1035013.0,5067213.0,2364.0,9334.0,42829.0,6.0,,,,,,,5293202.0,5189134.0,,671.88,19867.0,,,0.07,159.85,511.96,0.0,0.0,0.0,0.0,0.0,0.0,511.96,0.0,0.0,,,1.0,6821.0,13045.0,0.0,0.0,0.0,0.0,0.0,0.0,65.53,0.0,2.11,15.57,56.72,112.65,114.77,61.52,145.85,95.03,2.12,671.87,2254.0,3.0,101.0,521.0,1922.0,2812.0,2230.0,2192.0,3991.0,3670.0,171.0,19867.0,52.0,9811.0,0.07
17627004WY,12684,WY,WY,2021,MONTANA DAKOTA UTILITIES CO,MONTANA DAKOTA UTILITIES CO,MONTANA - DAKOTA UTILITIES CO,Investor Owned,matched,,primary,1,1,no,no,,,1448054.0,11437560.0,17252.0,1037542.0,6449258.0,2379.0,8887.0,56577.0,7.0,,,,,,,5456615.0,5306195.0,,722.08,20066.0,,,0.0,154.91,567.17,0.0,0.0,0.0,0.0,0.0,0.0,567.17,0.0,0.0,,,1.0,6637.0,13428.0,0.0,0.0,0.0,0.0,0.0,0.0,97.0,0.0,2.11,15.21,54.95,112.1,114.48,61.37,145.74,94.51,24.6,722.07,2178.0,3.0,100.0,513.0,1840.0,2779.0,2201.0,2182.0,3974.0,3666.0,630.0,20066.0,35.0,8819.0,0.62
17627004WY,12684,WY,WY,2022,MONTANA DAKOTA UTILITIES CO,MONTANA DAKOTA UTILITIES CO,MONTANA - DAKOTA UTILITIES CO,Investor Owned,matched,,primary,1,1,no,no,,,1526915.0,16596453.0,17509.0,1090094.0,10131502.0,2399.0,14395.0,139362.0,7.0,,,,,,,5635001.0,5635081.0,,730.18,20535.0,,,0.0,153.01,577.17,0.0,0.0,0.0,0.0,0.0,0.0,577.17,0.0,0.0,,,1.0,6568.0,13966.0,0.0,0.0,0.0,0.0,0.0,0.0,94.1,0.0,2.11,14.99,54.84,111.38,114.88,61.08,145.99,94.13,36.67,730.17,2143.0,3.0,99.0,506.0,1830.0,2757.0,2188.0,2180.0,3964.0,3668.0,1197.0,20535.0,37.0,6926.0,-0.13
17627004WY,12684,WY,WY,2023,MONTANA DAKOTA UTILITIES CO,MONTANA DAKOTA UTILITIES CO,MONTANA - DAKOTA UTILITIES CO,Investor Owned,matched,,primary,1,1,no,no,,,1513465.0,15117548.0,17861.0,1092506.0,8869805.0,2419.0,10737.0,81698.0,6.0,,,,,,,5828954.0,5828956.0,,734.63,20703.0,,,0.0,148.21,586.42,0.0,0.0,0.0,0.0,0.0,0.0,586.42,0.0,0.0,,,1.0,6214.0,14488.0,0.0,0.0,0.0,0.0,0.0,0.0,92.34,0.001,2.11,15.01,53.94,109.33,114.4,60.93,145.41,94.05,47.11,734.631,2043.0,3.0,95.0,500.0,1706.0,2674.0,2138.0,2149.0,3936.0,3649.0,1810.0,20703.0,42.0,7763.0,-0.3
17627004WY,12684,WY,WY,2024,MONTANA DAKOTA UTILITIES CO,MONTANA DAKOTA UTILITIES CO,MONTANA - DAKOTA UTILITIES CO,Investor Owned,matched,,primary,1,1,no,no,,,1382991.0,10851044.0,18082.0,1010970.0,5859795.0,2451.0,10703.0,56310.0,7.0,,,,,,,5461475.0,5461477.0,,745.242,21097.0,,,0.0,148.54,596.702,0.0,0.0,0.0,0.0,0.0,0.0,596.702,0.0,0.0,,,1.0,6152.0,14943.0,0.0,0.0,0.0,0.0,0.0,1.0,91.8,0.002,2.11,14.74,55.08,109.19,114.43,60.89,145.13,94.33,57.56,745.262,1955.0,4.0,95.0,490.0,1689.0,2647.0,2124.0,2134.0,3913.0,3645.0,2401.0,21097.0,50.0,11280.0,-0.24
17627004WY,12684,WY,WY,2025,MONTANA DAKOTA UTILITIES CO,MONTANA DAKOTA UTILITIES CO,MONTANA - DAKOTA UTILITIES CO,Investor Owned,matched,,primary,1,1,no,no,,,,,,,,,,,,,,,,,,,,,750.39,21176.0,0.0,0.0,0.0,146.12,604.26,0.0,0.0,0.0,0.0,0.0,0.01,604.26,0.0,0.0,,,1.0,5946.0,15229.0,0.0,0.0,0.0,0.0,0.0,0.0,90.73,0.0,2.11,14.74,54.32,108.82,113.67,60.84,144.99,94.36,65.8,750.38,1989.0,4.0,92.0,481.0,1644.0,2617.0,2077.0,2130.0,3906.0,3623.0,2613.0,21176.0,67.0,10945.0,-0.44
17695458WY,967,WY,WY,1997,PINEDALE NATURAL GAS INC,PINEDALE NATURAL GAS INC,"PINEDALE NATURAL GAS, INC",nan,matched,,primary,1,1,no,yes,PINEDALE NATURAL GAS,eia:17695458WY,,,,,,,,,,,,,,,,,,,15.0,541.0,0.0,0.0,0.0,0.0,15.0,0.0,0.0,,0.0,0.0,0.0,8.0,0.0,0.0,0.0,0.0,0.0,0.0,541.0,0.0,0.0,,0.0,0.0,0.0,,,,,,,,,,,,,,,,,,,,,,,,,,,0.0
17695458WY,967,WY,WY,1998,PINEDALE NATURAL GAS INC,PINEDALE NATURAL GAS INC,"PINEDALE NATURAL GAS, INC",nan,matched,,primary,1,1,no,yes,PINEDALE NATURAL GAS,eia:17695458WY,,,,,,,,,,,,,,,,,,,20.0,594.0,0.0,0.0,0.0,0.0,20.0,0.0,0.0,,0.0,0.0,0.0,12.0,0.0,0.0,0.0,0.0,0.0,0.0,594.0,0.0,0.0,,0.0,0.0,0.0,,,,,,,,,,,,,,,,,,,,,,,,,,,0.9
17695458WY,967,WY,WY,1999,PINEDALE NATURAL GAS INC,PINEDALE NATURAL GAS INC,"PINEDALE NATURAL GAS, INC",nan,matched,,primary,1,1,no,yes,PINEDALE NATURAL GAS,eia:17695458WY,,,,,,,,,,,,,,,,,,,21.0,629.0,0.0,0.0,0.0,0.0,21.0,0.0,0.0,,0.0,0.0,0.0,13.0,0.0,0.0,0.0,0.0,0.0,0.0,629.0,0.0,0.0,,0.0,0.0,0.0,,,,,,,,,,,,,,,,,,,,,,,,,,,2.72
17695458WY,967,WY,WY,2000,PINEDALE NATURAL GAS INC,PINEDALE NATURAL GAS INC,"PINEDALE NATURAL GAS, INC",nan,matched,,primary,1,1,no,yes,PINEDALE NATURAL GAS,eia:17695458WY,,,,,,,,,,,,,,,,,,,22.0,676.0,0.0,0.0,0.0,0.0,22.0,0.0,0.0,,0.0,0.0,0.0,13.0,0.0,0.0,0.0,0.0,0.0,0.0,676.0,0.0,0.0,,0.0,0.0,0.0,,,,,,,,,,,,,,,,,,,,,,,,,,,2.0
17695458WY,967,WY,WY,2002,PINEDALE NATURAL GAS INC,PINEDALE NATURAL GAS INC,"PINEDALE NATURAL GAS, INC",nan,matched,,primary,1,1,no,yes,PINEDALE NATURAL GAS,eia:17695458WY,86000.0,754000.0,650.0,,,,,,,,,,,,,86000.0,86000.0,,25.0,770.0,0.0,0.0,0.0,25.0,0.0,0.0,0.0,,0.0,0.0,0.0,17.0,0.0,0.0,0.0,0.0,0.0,770.0,0.0,0.0,0.0,,0.0,0.0,0.0,,,,,,,,,,,,,,,,,,,,,,,,,,,1.0
17695458WY,967,WY,WY,2003,PINEDALE NATURAL GAS INC,PINEDALE NATURAL GAS INC,"PINEDALE NATURAL GAS, INC",nan,matched,,primary,1,1,no,yes,PINEDALE NATURAL GAS,eia:17695458WY,108945.0,1026602.0,709.0,,,,,,,,,,,,,108945.0,108945.0,,30.0,834.0,0.0,0.0,0.0,0.0,30.0,0.0,0.0,,0.0,0.0,0.0,22.0,0.0,0.0,0.0,0.0,0.0,0.0,834.0,0.0,0.0,,0.0,0.0,0.0,,,,,,,,,,,,,,,,,,,,,,,,,,,1.0
17695458WY,967,WY,WY,2004,PINEDALE NATURAL GAS INC,PINEDALE NATURAL GAS INC,"PINEDALE NATURAL GAS, INC",nan,matched,,primary,1,1,no,yes,PINEDALE NATURAL GAS,eia:17695458WY,43805.0,400555.0,600.0,66195.0,605288.0,168.0,,,,,,,,,,110000.0,110000.0,,37.0,873.0,0.0,0.0,0.0,0.0,37.0,0.0,0.0,,0.0,0.0,0.0,31.0,0.0,0.0,0.0,0.0,0.0,0.0,873.0,0.0,0.0,,0.0,0.0,0.0,11.0,0.0,0.0,0.0,0.0,0.0,0.0,10.0,16.0,,,37.0,216.0,0.0,0.0,0.0,0.0,0.0,0.0,413.0,244.0,,,873.0,,,0.01
17695458WY,967,WY,WY,2005,PINEDALE NATURAL GAS INC,PINEDALE NATURAL GAS INC,"PINEDALE NATURAL GAS, INC",nan,matched,,primary,1,1,no,yes,PINEDALE NATURAL GAS,eia:17695458WY,117500.0,1322522.0,798.0,,,,,,,,,,,,,122500.0,117500.0,,41.0,909.0,0.0,0.0,0.0,0.0,41.0,0.0,0.0,,0.0,0.0,0.0,36.0,0.0,0.0,0.0,0.0,0.0,0.0,909.0,0.0,0.0,,0.0,0.0,0.0,11.0,0.0,0.0,0.0,0.0,0.0,0.0,10.0,20.0,,,41.0,216.0,0.0,0.0,0.0,0.0,0.0,0.0,413.0,280.0,,,909.0,,,0.01
17695458WY,967,WY,WY,2006,PINEDALE NATURAL GAS INC,PINEDALE NATURAL GAS INC,"PINEDALE NATURAL GAS, INC",nan,matched,,primary,1,1,no,yes,PINEDALE NATURAL GAS,eia:17695458WY,125000.0,1639201.0,936.0,,,,,,,,,,,,,125000.0,125000.0,,48.8,966.0,0.0,0.0,0.0,0.58,48.22,0.0,0.0,,0.0,0.0,0.0,44.16,0.0,0.0,0.0,0.0,0.0,0.0,966.0,0.0,0.0,,0.0,0.0,0.0,0.0,0.0,0.0,0.0,10.5,0.3,0.0,10.0,28.0,,,48.8,0.0,0.0,0.0,0.0,200.0,10.0,6.0,413.0,337.0,,,966.0,,,3.9
17695458WY,967,WY,WY,2007,PINEDALE NATURAL GAS INC,PINEDALE NATURAL GAS INC,"PINEDALE NATURAL GAS, INC",nan,matched,,primary,1,1,no,yes,PINEDALE NATURAL GAS,eia:17695458WY,142072.0,1560218.0,1020.0,,,,,,,,,,,,,142072.0,142072.0,,50.19,1043.0,0.0,0.0,0.0,0.58,49.61,0.0,0.0,,0.0,0.0,0.0,45.84,0.0,0.0,0.0,0.0,0.0,0.0,1043.0,0.0,0.0,,0.0,0.0,0.0,0.0,0.0,0.0,0.0,4.3,0.3,0.0,10.0,35.6,,,50.2,0.0,0.0,0.0,0.0,134.0,10.0,6.0,413.0,480.0,,,1043.0,,,2.7
17695458WY,967,WY,WY,2008,PINEDALE NATURAL GAS INC,PINEDALE NATURAL GAS INC,"PINEDALE NATURAL GAS, INC",nan,matched,,primary,1,1,no,yes,PINEDALE NATURAL GAS,eia:17695458WY,100100.0,1002617.0,918.0,77900.0,1181593.0,214.0,,,,,,,,,,178000.0,178000.0,,56.98,1132.0,0.0,0.0,0.0,0.45,56.53,0.0,0.0,,0.0,0.0,0.0,51.5,0.0,0.0,0.0,0.0,0.0,0.0,1132.0,0.0,0.0,,0.0,0.0,0.0,0.0,0.0,0.0,0.0,5.5,0.3,0.0,10.0,41.2,,,57.0,0.0,0.0,0.0,0.0,132.0,10.0,6.0,413.0,571.0,,,1132.0,,,2.7
17695458WY,967,WY,WY,2009,PINEDALE NATURAL GAS INC,PINEDALE NATURAL GAS INC,"PINEDALE NATURAL GAS, INC",nan,matched,,primary,1,1,no,yes,PINEDALE NATURAL GAS,eia:17695458WY,68111.0,692500.0,947.0,102989.0,961580.0,221.0,,,,,,,,,,170600.0,171100.0,,63.1,1250.0,0.0,0.0,0.0,0.4,62.7,0.0,0.0,,0.0,0.0,0.0,58.3,0.0,0.0,0.0,0.0,0.0,2.0,1248.0,0.0,0.0,,0.0,0.0,0.0,0.0,0.0,0.0,0.0,4.8,0.3,0.0,10.0,48.0,,,63.1,0.0,0.0,0.0,0.0,67.0,10.0,6.0,413.0,754.0,,,1250.0,,,4.7
17695458WY,967,WY,WY,2010,PINEDALE NATURAL GAS INC,PINEDALE NATURAL GAS INC,"PINEDALE NATURAL GAS, INC",nan,matched,,primary,1,1,no,yes,PINEDALE NATURAL GAS,eia:17695458WY,69540.0,644953.0,985.0,104428.0,949090.0,228.0,,,,,,,,,,173968.0,174192.0,224.0,62.8,1248.0,0.0,0.0,0.0,0.4,62.4,0.0,0.0,,0.0,0.0,0.0,59.7,0.0,0.0,0.0,0.0,0.0,3.0,1245.0,0.0,0.0,,0.0,0.0,0.0,0.0,0.0,0.0,0.0,3.0,0.3,0.0,9.7,48.0,1.8,,62.8,0.0,0.0,0.0,0.0,49.0,10.0,6.0,413.0,754.0,16.0,,1248.0,6.0,6.0,0.4
17695458WY,967,WY,WY,2011,PINEDALE NATURAL GAS INC,PINEDALE NATURAL GAS INC,"PINEDALE NATURAL GAS, INC",nan,matched,,primary,1,1,no,yes,PINEDALE NATURAL GAS,eia:17695458WY,81064.0,729900.0,950.0,111303.0,959500.0,214.0,,,,,,,,,,188642.0,193042.0,275.0,63.53,1270.0,0.0,0.0,0.0,0.36,63.17,0.0,0.0,,0.0,0.0,0.0,61.3,0.0,0.0,0.0,0.0,0.0,1.0,1269.0,0.0,0.0,,0.0,0.0,0.0,0.0,0.0,0.0,0.0,2.23,0.0,0.0,12.9,45.5,2.9,,63.53,0.0,0.0,0.0,0.0,32.0,7.0,6.0,413.0,754.0,58.0,,1270.0,12.0,450.0,2.0
17695458WY,967,WY,WY,2012,PINEDALE NATURAL GAS INC,PINEDALE NATURAL GAS INC,"PINEDALE NATURAL GAS, INC",nan,matched,,primary,1,1,no,yes,PINEDALE NATURAL GAS,eia:17695458WY,72070.0,561800.0,1000.0,101040.0,745400.0,224.0,,,0.0,,,,,,,177000.0,173543.0,433.0,68.63,1311.0,0.0,0.0,0.0,0.36,68.27,0.0,0.0,,0.0,0.0,0.0,66.88,0.0,0.0,0.0,0.0,0.0,1.0,1310.0,0.0,0.0,,0.0,0.0,0.0,0.0,0.0,0.0,0.0,1.39,0.0,0.0,12.9,45.5,8.84,,68.63,0.0,0.0,0.0,0.0,20.0,7.0,6.0,413.0,754.0,111.0,,1311.0,4.0,505.0,0.7
17695458WY,967,WY,WY,2013,PINEDALE NATURAL GAS INC,PINEDALE NATURAL GAS INC,"PINEDALE NATURAL GAS, INC",nan,matched,,primary,1,1,no,yes,PINEDALE NATURAL GAS,eia:17695458WY,82928.0,681080.0,950.0,112433.0,902386.0,213.0,,,,,,,3703.0,28406.0,1.0,203020.0,199630.0,266.0,80.81,1411.0,0.0,0.0,0.0,0.36,80.45,0.0,0.0,,0.0,0.0,0.0,79.06,0.0,0.0,0.0,0.0,0.0,1.0,1410.0,0.0,0.0,,0.0,0.0,0.0,0.0,0.0,0.0,0.0,1.39,0.0,0.0,12.9,48.44,18.08,,80.81,0.0,0.0,0.0,0.0,20.0,7.0,6.0,443.0,754.0,181.0,,1411.0,1.0,625.0,1.8
17695458WY,967,WY,WY,2014,PINEDALE NATURAL GAS INC,PINEDALE NATURAL GAS INC,"PINEDALE NATURAL GAS, INC",nan,matched,,primary,1,1,no,yes,PINEDALE NATURAL GAS,eia:17695458WY,81742.0,950822.0,1097.0,111332.0,1058414.0,237.0,,,,,,,6592.0,57757.0,1.0,207500.0,200514.0,248.0,87.87,1440.0,0.0,0.0,0.0,0.36,87.51,0.0,0.0,,0.0,0.0,0.0,86.89,0.0,0.0,0.0,0.0,0.0,1.0,1439.0,0.0,0.0,,0.0,0.0,0.0,0.0,0.0,0.0,0.0,0.98,0.0,0.0,12.9,48.44,25.55,,87.87,0.0,0.0,0.0,0.0,3.0,7.0,6.0,443.0,754.0,227.0,,1440.0,5.0,558.0,2.3
17695458WY,967,WY,WY,2015,PINEDALE NATURAL GAS INC,PINEDALE NATURAL GAS INC,"PINEDALE NATURAL GAS, INC",Privately Owned,matched,,primary,1,1,no,yes,PINEDALE NATURAL GAS,eia:17695458WY,83500.0,650100.0,1129.0,103500.0,781000.0,248.0,,,,,,,5050.0,35420.0,1.0,193700.0,192787.0,137.0,91.89,1491.0,0.0,0.0,0.0,0.36,91.53,0.0,0.0,,0.0,0.0,0.0,91.53,0.0,0.0,0.0,0.0,0.0,1.0,1490.0,0.0,0.0,,0.0,0.0,0.0,0.0,0.0,0.0,0.0,0.36,0.0,0.0,12.9,48.44,30.19,,91.89,0.0,0.0,0.0,0.0,0.0,7.0,6.0,443.0,754.0,281.0,,1491.0,1.0,772.0,2.4
17695458WY,967,WY,WY,2016,PINEDALE NATURAL GAS INC,PINEDALE NATURAL GAS INC,"PINEDALE NATURAL GAS, INC",Privately Owned,matched,,primary,1,1,no,yes,PINEDALE NATURAL GAS,eia:17695458WY,88522.0,615511.0,1176.0,105609.0,685987.0,251.0,,,,,,,3608.0,23436.0,1.0,207700.0,198523.0,184.0,97.19,1541.0,0.0,0.0,0.0,0.36,96.83,0.0,0.0,,0.0,0.0,0.0,96.83,0.0,0.0,0.0,0.0,0.0,1.0,1540.0,0.0,0.0,,0.0,0.0,0.0,0.0,0.0,0.0,0.0,0.36,0.0,0.0,12.9,48.44,35.49,,97.19,0.0,0.0,0.0,0.0,0.0,7.0,6.0,445.0,754.0,329.0,,1541.0,5.0,1007.0,2.3
17695458WY,967,WY,WY,2017,PINEDALE NATURAL GAS INC,PINEDALE NATURAL GAS INC,"PINEDALE NATURAL GAS, INC",Privately Owned,matched,,primary,1,1,no,yes,PINEDALE NATURAL GAS,eia:17695458WY,94306.0,688530.0,1220.0,109612.0,749200.0,251.0,,,,,,,3340.0,21380.0,1.0,216827.0,208046.0,188.0,103.05,1618.0,,,,0.36,102.69,,0.0,,,,,102.69,0.0,0.0,,,,1.0,1617.0,,0.0,,,,,0.0,0.0,0.0,0.0,0.36,0.0,0.0,12.9,48.44,41.35,,103.05,0.0,0.0,0.0,0.0,0.0,7.0,6.0,445.0,754.0,406.0,,1618.0,3.0,656.0,1.7
17695458WY,967,WY,WY,2018,PINEDALE NATURAL GAS INC,PINEDALE NATURAL GAS INC,"PINEDALE NATURAL GAS, INC",Privately Owned,matched,,primary,1,1,no,yes,PINEDALE NATURAL GAS,eia:17695458WY,99376.0,707339.0,1288.0,105455.0,703450.0,262.0,,,0.0,,,,2777.0,17136.0,1.0,215471.0,209181.0,193.0,106.56,1677.0,,,,0.36,106.2,0.0,0.0,0.0,0.0,0.0,0.0,106.2,0.0,0.0,,,,1.0,1676.0,0.0,0.0,0.0,0.0,0.0,0.0,0.0,0.0,0.0,0.0,0.36,0.0,0.0,12.9,48.44,44.86,,106.56,0.0,0.0,0.0,0.0,0.0,7.0,6.0,445.0,754.0,465.0,,1677.0,3.0,729.0,2.3
17695458WY,967,WY,WY,2019,PINEDALE NATURAL GAS INC,PINEDALE NATURAL GAS INC,"PINEDALE NATURAL GAS, INC",Privately Owned,matched,,primary,1,1,no,yes,PINEDALE NATURAL GAS,eia:17695458WY,118044.0,974152.0,1346.0,120131.0,958998.0,265.0,,,,,,,2562.0,20090.0,1.0,247640.0,242444.0,147.0,107.18,1735.0,,,,0.36,106.82,0.0,0.0,0.0,0.0,0.0,0.0,106.82,0.0,0.0,,,,1.0,1734.0,0.0,0.0,0.0,0.0,0.0,0.0,0.0,0.0,0.0,0.0,0.36,0.0,0.0,12.9,48.44,45.48,,107.18,0.0,0.0,0.0,0.0,0.0,7.0,6.0,445.0,754.0,523.0,,1735.0,2.0,1031.0,1.2
17695458WY,967,WY,WY,2020,PINEDALE NATURAL GAS INC,PINEDALE NATURAL GAS INC,"PINEDALE NATURAL GAS, INC",Privately Owned,matched,,primary,1,1,no,yes,PINEDALE NATURAL GAS,eia:17695458WY,121685.0,862981.0,1410.0,115455.0,778913.0,270.0,,,,,,,1769.0,11014.0,1.0,239413.0,240638.0,189.0,112.89,1817.0,,,,0.36,112.53,0.0,0.0,0.0,0.0,0.0,0.0,112.53,0.0,0.0,,,,1.0,1816.0,0.0,0.0,0.0,0.0,0.0,0.0,0.0,0.0,0.0,0.0,0.36,0.0,0.0,12.9,48.44,45.48,5.71,112.89,0.0,0.0,0.0,0.0,0.0,7.0,6.0,445.0,754.0,523.0,82.0,1817.0,2.0,948.0,-1.1
17695458WY,967,WY,WY,2021,PINEDALE NATURAL GAS INC,PINEDALE NATURAL GAS INC,"PINEDALE NATURAL GAS, INC",Privately Owned,matched,,primary,1,1,no,yes,PINEDALE NATURAL GAS,eia:17695458WY,122874.0,1094836.0,1481.0,117993.0,997431.0,274.0,,,,,,,2076.0,17092.0,1.0,245219.0,244611.0,168.0,113.57,1897.0,,,,0.36,113.21,0.0,0.0,0.0,0.0,0.0,0.0,113.21,0.0,0.0,,,,1.0,1896.0,0.0,0.0,0.0,0.0,0.0,0.0,0.0,0.0,0.0,0.0,0.36,0.0,0.0,12.9,48.44,45.48,6.39,113.57,0.0,0.0,0.0,0.0,0.0,7.0,6.0,445.0,754.0,523.0,162.0,1897.0,5.0,914.0,1.0
17695458WY,967,WY,WY,2022,PINEDALE NATURAL GAS INC,PINEDALE NATURAL GAS INC,"PINEDALE NATURAL GAS, INC",Privately Owned,matched,,primary,1,1,no,yes,PINEDALE NATURAL GAS,eia:17695458WY,134273.0,1588901.0,1550.0,125426.0,1426548.0,277.0,,,,,,,1819.0,19892.0,1.0,266086.0,263263.0,215.0,115.36,1954.0,,,,0.36,115.0,0.0,0.0,0.0,0.0,0.0,0.0,115.0,0.0,0.0,,,,1.0,1953.0,0.0,0.0,0.0,0.0,0.0,0.0,0.0,0.0,0.0,0.0,0.36,0.0,0.0,12.9,48.44,45.48,8.18,115.36,0.0,0.0,0.0,0.0,0.0,7.0,6.0,445.0,754.0,523.0,219.0,1954.0,2.0,675.0,0.8
17695458WY,967,WY,WY,2023,PINEDALE NATURAL GAS INC,PINEDALE NATURAL GAS INC,"PINEDALE NATURAL GAS, INC",Privately Owned,matched,,primary,1,1,no,yes,PINEDALE NATURAL GAS,eia:17695458WY,134115.0,1919716.0,1603.0,129365.0,1774850.0,275.0,,,,,,,2034.0,24276.0,1.0,266790.0,265883.0,211.0,116.56,1991.0,,,,0.36,116.2,0.0,0.0,0.0,0.0,0.0,0.0,116.2,0.0,0.0,,,,1.0,1990.0,0.0,0.0,0.0,0.0,0.0,0.0,0.0,0.0,0.0,0.0,0.36,0.0,0.0,12.9,48.44,45.48,9.42,116.6,0.0,0.0,0.0,0.0,0.0,7.0,6.0,445.0,754.0,523.0,256.0,1991.0,3.0,675.0,0.4
17695458WY,967,WY,WY,2024,PINEDALE NATURAL GAS INC,PINEDALE NATURAL GAS INC,"PINEDALE NATURAL GAS, INC",Privately Owned,matched,,primary,1,1,no,yes,PINEDALE NATURAL GAS,eia:17695458WY,123991.0,1300576.0,1648.0,125676.0,1232621.0,276.0,,,,,,,1757.0,15975.0,1.0,253911.0,251768.0,194.0,118.66,2042.0,,,,0.85,117.81,0.0,0.0,0.0,0.0,0.0,0.0,117.81,0.0,0.0,,,,1.0,2041.0,0.0,0.0,0.0,0.0,0.0,0.0,0.0,0.0,0.0,0.0,0.36,0.0,0.0,12.9,48.44,45.48,11.52,118.7,0.0,0.0,0.0,0.0,0.0,7.0,6.0,445.0,754.0,523.0,307.0,2042.0,1.0,1095.0,1.1
17695458WY,967,WY,WY,2025,PINEDALE NATURAL GAS INC,PINEDALE NATURAL GAS INC,"PINEDALE NATURAL GAS, INC",Privately Owned,matched,,primary,1,1,no,yes,PINEDALE NATURAL GAS,eia:17695458WY,,,,,,,,,,,,,,,,,,,119.52,2106.0,,,,1.82,117.7,0.0,0.0,0.0,0.0,0.0,0.0,117.7,0.0,0.0,,,,1.0,2105.0,0.0,0.0,0.0,0.0,0.0,0.0,0.0,0.0,0.0,0.0,0.36,0.0,0.0,12.9,48.44,45.48,12.85,120.03,0.0,0.0,0.0,0.0,0.0,7.0,6.0,445.0,754.0,523.0,371.0,2106.0,3.0,811.0,0.2
17615153WY,22917,WY,WY,1997,WYOMING GAS CO,WYOMING GAS CO,WYOMING GAS CO,nan,matched,,primary,1,1,no,yes,WYOMING GAS CO,eia:17615153WY,521002.0,2930504.0,5642.0,434683.0,2598407.0,909.0,,,,,,,,,,950088.0,955685.0,,232.0,6423.0,14.0,10.0,0.0,86.0,122.0,0.0,0.0,,0.0,0.0,0.0,115.0,0.0,0.0,187.0,149.0,0.0,4062.0,2025.0,0.0,0.0,,0.0,0.0,0.0,,,,,,,,,,,,,,,,,,,,,,,,,,,0.25
17615153WY,22917,WY,WY,1998,WYOMING GAS CO,WYOMING GAS CO,WYOMING GAS CO,nan,matched,,primary,1,1,no,yes,WYOMING GAS CO,eia:17615153WY,486991.0,3033281.0,5676.0,402701.0,2252027.0,975.0,,,,,,,,,,891143.0,889692.0,,245.0,6606.0,12.0,8.0,0.0,85.0,140.0,0.0,0.0,,0.0,0.0,0.0,134.0,0.0,0.0,175.0,140.0,0.0,4062.0,2229.0,0.0,0.0,,0.0,0.0,0.0,,,,,,,,,,,,,,,,,,,,,,,,,,,-0.3
17615153WY,22917,WY,WY,1999,WYOMING GAS CO,WYOMING GAS CO,WYOMING GAS CO,nan,matched,,primary,1,1,no,yes,WYOMING GAS CO,eia:17615153WY,469579.0,2772782.0,5785.0,364931.0,1913756.0,986.0,,,,,,,,,,829097.0,834510.0,,246.0,6606.0,11.0,8.0,0.0,82.0,145.0,0.0,0.0,,0.0,0.0,0.0,139.0,0.0,0.0,165.0,140.0,0.0,3855.0,2446.0,0.0,0.0,,0.0,0.0,0.0,,,,,,,,,,,,,,,,,,,,,,,,,,,0.36
17615153WY,,,WY,2000,WYOMING GAS CO,WYOMING GAS CO,,,eia_only,,,,0,,yes,WYOMING GAS CO,eia:17615153WY,487491.0,3550188.0,5767.0,382196.0,2527566.0,979.0,,,,,,,,,,902766.0,869687.0,,,,,,,,,,,,,,,,,,,,,,,,,,,,,,,,,,,,,,,,,,,,,,,,,,,,,,,
17615153WY,,,WY,2002,WYOMING GAS CO,WYOMING GAS CO,,,eia_only,,,,0,,yes,WYOMING GAS CO,eia:17615153WY,522344.0,4259811.0,5789.0,26332.0,226873.0,288.0,390104.0,2925163.0,688.0,,,,,,,917643.0,938780.0,,,,,,,,,,,,,,,,,,,,,,,,,,,,,,,,,,,,,,,,,,,,,,,,,,,,,,,
17615153WY,,,WY,2003,WYOMING GAS CO,WYOMING GAS CO,,,eia_only,,,,0,,yes,WYOMING GAS CO,eia:17615153WY,469769.0,3934826.0,5749.0,389836.0,3026214.0,971.0,,,,,,,,,,863560.0,859605.0,,,,,,,,,,,,,,,,,,,,,,,,,,,,,,,,,,,,,,,,,,,,,,,,,,,,,,,
17615153WY,22917,WY,WY,2004,WYOMING GAS CO,WYOMING GAS CO,WYOMING GAS CO,nan,matched,,primary,1,1,no,yes,WYOMING GAS CO,eia:17615153WY,453386.0,4386787.0,5745.0,368766.0,3298804.0,957.0,,,,,,,,,,853286.0,822152.0,,264.0,5799.0,4.0,1.0,0.0,72.0,187.0,0.0,0.0,,0.0,0.0,0.0,181.0,0.0,0.0,2.0,30.0,0.0,2319.0,3448.0,0.0,0.0,,0.0,0.0,0.0,0.0,0.0,0.0,3.0,38.0,28.0,50.0,99.0,46.0,,,264.0,0.0,0.0,0.0,100.0,1200.0,1051.0,700.0,1886.0,862.0,,,5799.0,,,0.0
17615153WY,22917,WY,WY,2005,WYOMING GAS CO,WYOMING GAS CO,WYOMING GAS CO,nan,matched,,primary,1,1,no,yes,WYOMING GAS CO,eia:17615153WY,440491.0,4836146.0,5789.0,363219.0,3700773.0,952.0,,,,,,,,,,812081.0,803710.0,,265.0,5856.0,4.0,1.0,0.0,70.0,190.0,0.0,0.0,,0.0,0.0,0.0,184.0,0.0,0.0,2.0,30.0,0.0,2237.0,3587.0,0.0,0.0,,0.0,0.0,0.0,0.0,0.0,0.0,3.0,36.0,28.0,50.0,99.0,49.0,,,265.0,0.0,0.0,0.0,100.0,1150.0,1031.0,688.0,1886.0,1001.0,,,5856.0,,,0.0
17615153WY,22917,WY,WY,2006,WYOMING GAS CO,WYOMING GAS CO,WYOMING GAS CO,nan,matched,,primary,1,1,no,yes,WYOMING GAS CO,eia:17615153WY,420188.0,6093372.0,5753.0,353266.0,4846394.0,958.0,,,,,,,,,,777684.0,773454.0,,266.0,5910.0,4.0,1.0,0.0,69.0,192.0,0.0,0.0,,0.0,0.0,0.0,186.0,0.0,0.0,2.0,30.0,0.0,2210.0,3668.0,0.0,0.0,,0.0,0.0,0.0,0.0,0.0,0.0,3.0,35.0,28.0,50.0,99.0,51.0,,,266.0,0.0,0.0,0.0,100.0,1123.0,1031.0,688.0,1886.0,1082.0,,,5910.0,,,0.8
17615153WY,22917,WY,WY,2007,WYOMING GAS CO,WYOMING GAS CO,WYOMING GAS CO,nan,matched,,primary,1,1,no,yes,WYOMING GAS CO,eia:17615153WY,434753.0,4907962.0,5776.0,356739.0,3733518.0,959.0,,,,,,,,,,810373.0,791492.0,,270.0,5996.0,4.0,1.0,0.0,63.0,202.0,0.0,0.0,,0.0,0.0,0.0,196.0,0.0,0.0,2.0,30.0,0.0,2025.0,3939.0,0.0,0.0,,0.0,0.0,0.0,0.0,0.0,0.0,2.0,33.0,26.0,49.0,99.0,61.0,,,270.0,0.0,0.0,0.0,90.0,948.0,1031.0,688.0,1886.0,1353.0,,,5996.0,,,0.73
17615153WY,22917,WY,WY,2008,WYOMING GAS CO,WYOMING GAS CO,WYOMING GAS CO,nan,matched,,primary,1,1,no,yes,WYOMING GAS CO,eia:17615153WY,542418.0,5397057.0,5816.0,436263.0,4035992.0,962.0,,,,,,,,,,874622.0,978681.0,,276.0,6033.0,3.0,1.0,0.0,63.0,209.0,0.0,0.0,,0.0,0.0,0.0,203.0,0.0,0.0,2.0,30.0,0.0,2000.0,4001.0,0.0,0.0,,0.0,0.0,0.0,0.0,0.0,0.0,2.0,32.0,26.0,49.0,99.0,68.0,,,276.0,0.0,0.0,0.0,90.0,926.0,1028.0,688.0,1886.0,1415.0,,,6033.0,,,1.22
17615153WY,22917,WY,WY,2009,WYOMING GAS CO,WYOMING GAS CO,WYOMING GAS CO,nan,matched,,primary,1,1,no,yes,WYOMING GAS CO,eia:17615153WY,494808.0,5183995.0,5889.0,390109.0,3768688.0,969.0,,,,,,,,,,909834.0,884917.0,,274.0,6045.0,1.0,1.0,0.0,60.0,212.0,0.0,0.0,,0.0,0.0,0.0,206.0,0.0,0.0,0.0,0.0,0.0,1700.0,4345.0,0.0,0.0,,0.0,0.0,0.0,0.0,0.0,0.0,0.0,29.0,26.0,49.0,99.0,71.0,,,274.0,0.0,0.0,0.0,0.0,716.0,1028.0,688.0,1886.0,1727.0,,,6045.0,,,0.0
17615153WY,22917,WY,WY,2010,WYOMING GAS CO,WYOMING GAS CO,WYOMING GAS CO,nan,matched,,primary,1,1,no,yes,WYOMING GAS CO,eia:17615153WY,470380.0,4641451.0,5914.0,363501.0,3113838.0,963.0,,,,,,,,,,859279.0,834953.0,1072.0,281.0,6098.0,4.0,1.0,0.0,60.0,216.0,0.0,0.0,,0.0,0.0,0.0,213.0,0.0,0.0,3.0,0.0,0.0,1350.0,4745.0,0.0,0.0,,0.0,0.0,0.0,0.0,0.0,0.0,0.0,32.0,26.0,49.0,99.0,71.0,4.0,,281.0,0.0,0.0,0.0,0.0,369.0,1028.0,688.0,1886.0,1727.0,400.0,,6098.0,48.0,2010.0,2.27
17615153WY,22917,WY,WY,2011,WYOMING GAS CO,WYOMING GAS CO,WYOMING GAS CO,nan,matched,,primary,1,1,no,yes,WYOMING GAS CO,eia:17615153WY,508319.0,4978307.0,5921.0,384752.0,3305799.0,960.0,,,,,,,,,,910211.0,894350.0,1279.0,287.0,6175.0,2.0,1.0,0.0,60.0,224.0,0.0,0.0,,0.0,0.0,0.0,221.0,0.0,0.0,0.0,0.0,0.0,1311.0,4864.0,0.0,0.0,,0.0,0.0,0.0,0.0,0.0,0.0,0.0,30.0,26.0,49.0,99.0,71.0,12.0,,287.0,0.0,0.0,0.0,0.0,327.0,1028.0,688.0,1886.0,1727.0,519.0,,6175.0,26.0,2157.0,1.48
17615153WY,22917,WY,WY,2012,WYOMING GAS CO,WYOMING GAS CO,WYOMING GAS CO,nan,matched,,primary,1,1,no,yes,WYOMING GAS CO,eia:17615153WY,416094.0,4242141.0,5915.0,314682.0,2739897.0,953.0,,,,,,,,,,757386.0,733289.0,0.0,287.0,6198.0,0.0,0.0,0.0,60.0,227.0,0.0,0.0,,0.0,0.0,0.0,224.0,0.0,0.0,0.0,0.0,0.0,1294.0,4904.0,0.0,0.0,,0.0,0.0,0.0,0.0,0.0,0.0,0.0,27.0,26.0,49.0,99.0,71.0,15.0,,287.0,0.0,0.0,0.0,0.0,308.0,1028.0,688.0,1886.0,1727.0,561.0,,6198.0,18.0,2189.0,2.31
17615153WY,22917,WY,WY,2013,WYOMING GAS CO,WYOMING GAS CO,WYOMING GAS CO,nan,matched,,primary,1,1,no,yes,WYOMING GAS CO,eia:17615153WY,525115.0,4785572.0,5952.0,390688.0,3106658.0,948.0,,,,,,,,,,894001.0,918537.0,,288.0,6211.0,0.0,0.0,0.0,60.0,228.0,0.0,0.0,,0.0,0.0,0.0,226.0,0.0,0.0,0.0,0.0,0.0,1254.0,4957.0,0.0,0.0,,0.0,0.0,0.0,0.0,0.0,0.0,0.0,26.0,26.0,49.0,99.0,71.0,17.0,,288.0,0.0,0.0,0.0,0.0,260.0,1028.0,688.0,1886.0,1727.0,622.0,,6211.0,16.0,2469.0,0.29
17615153WY,22917,WY,WY,2014,WYOMING GAS CO,WYOMING GAS CO,WYOMING GAS CO,nan,matched,,primary,1,1,no,yes,WYOMING GAS CO,eia:17615153WY,524125.0,5113221.0,5959.0,406435.0,3473524.0,954.0,,,,,,,,,,949625.0,933280.0,,291.0,6236.0,0.0,0.0,0.0,59.0,232.0,0.0,0.0,,0.0,0.0,0.0,230.0,0.0,0.0,0.0,0.0,0.0,1229.0,5007.0,0.0,0.0,,0.0,0.0,0.0,0.0,0.0,0.0,0.0,25.0,26.0,49.0,99.0,71.0,21.0,,291.0,0.0,0.0,0.0,0.0,233.0,1028.0,688.0,1886.0,1727.0,674.0,,6236.0,8.0,3277.0,0.23
17615153WY,22917,WY,WY,2015,WYOMING GAS CO,WYOMING GAS CO,WYOMING GAS CO,Privately Owned,matched,,primary,1,1,no,yes,WYOMING GAS CO,eia:17615153WY,468053.0,4516105.0,5921.0,367552.0,3059926.0,946.0,,,,,,,,,,854707.0,838294.0,,295.0,6277.0,0.0,0.0,0.0,58.0,237.0,0.0,0.0,0.0,0.0,0.0,0.0,235.0,0.0,0.0,0.0,0.0,0.0,1197.0,5080.0,0.0,0.0,0.0,0.0,0.0,0.0,0.0,0.0,0.0,0.0,24.0,26.0,49.0,99.0,71.0,26.0,,295.0,0.0,0.0,0.0,0.0,195.0,1028.0,688.0,1886.0,1727.0,753.0,,6277.0,21.0,4216.0,2.08
17615153WY,22917,WY,WY,2016,WYOMING GAS CO,WYOMING GAS CO,WYOMING GAS CO,Privately Owned,matched,,primary,1,1,no,yes,WYOMING GAS CO,eia:17615153WY,457791.0,4285308.0,5911.0,379777.0,2888875.0,938.0,,,,,,,,,,837944.0,840024.0,,301.0,6311.0,,,,58.0,243.0,,0.0,,,,,243.0,0.0,0.0,,,,1184.0,5127.0,,0.0,,,,,0.0,0.0,0.0,0.0,24.0,24.0,49.0,99.0,71.0,34.0,,301.0,0.0,0.0,0.0,0.0,170.0,1028.0,688.0,1886.0,1727.0,812.0,,6311.0,9.0,1947.0,2.38
17615153WY,22917,WY,WY,2017,WYOMING GAS CO,WYOMING GAS CO,WYOMING GAS CO,Privately Owned,matched,,primary,1,1,no,yes,WYOMING GAS CO,eia:17615153WY,484613.0,4559507.0,5937.0,412698.0,3150957.0,942.0,,,,,,,,,,880786.0,899779.0,,303.0,6348.0,0.0,0.0,0.0,58.0,245.0,0.0,0.0,0.0,0.0,0.0,0.0,245.0,0.0,0.0,0.0,0.0,0.0,1180.0,5168.0,0.0,0.0,0.0,0.0,0.0,0.0,0.0,0.0,0.0,0.0,24.0,24.0,49.0,99.0,71.0,36.0,,303.0,0.0,0.0,0.0,0.0,166.0,1028.0,688.0,1886.0,1727.0,853.0,,6348.0,2.0,1800.0,0.0
17615153WY,22917,WY,WY,2018,WYOMING GAS CO,WYOMING GAS CO,WYOMING GAS CO,Privately Owned,matched,,primary,1,1,no,yes,WYOMING GAS CO,eia:17615153WY,532716.0,4812874.0,5930.0,447581.0,3247990.0,951.0,59846.0,243553.0,1.0,,,,,,,1019845.0,1042658.0,,303.5,6348.0,0.0,0.0,0.0,57.5,246.0,0.0,0.0,0.0,0.0,0.0,0.0,246.0,0.0,0.0,0.0,0.0,0.0,1133.0,5215.0,0.0,0.0,0.0,0.0,0.0,0.0,0.0,0.0,0.0,0.0,23.5,24.0,49.0,99.0,71.0,37.0,,303.5,0.0,0.0,0.0,0.0,152.0,1028.0,688.0,1886.0,1727.0,867.0,,6348.0,6.0,1838.0,0.0
17615153WY,22917,WY,WY,2019,WYOMING GAS CO,WYOMING GAS CO,WYOMING GAS CO,Privately Owned,matched,,primary,1,1,no,yes,WYOMING GAS CO,eia:17615153WY,531734.0,4519324.0,5920.0,440062.0,2902287.0,957.0,53028.0,208614.0,1.0,,,,,,,1006653.0,1027206.0,,308.5,6399.0,0.0,0.0,0.0,57.5,251.0,0.0,0.0,0.0,0.0,0.0,0.0,251.0,0.0,0.0,0.0,0.0,0.0,1133.0,5266.0,0.0,0.0,0.0,0.0,0.0,0.0,0.0,0.0,0.0,0.0,23.5,24.0,49.0,99.0,71.0,42.0,,308.5,0.0,0.0,0.0,0.0,147.0,1028.0,688.0,1886.0,1727.0,921.0,,6397.0,7.0,2160.0,-1.54
17615153WY,22917,WY,WY,2020,WYOMING GAS CO,WYOMING GAS CO,WYOMING GAS CO,Privately Owned,matched,,primary,1,1,no,yes,WYOMING GAS CO,eia:17615153WY,471391.0,4331125.0,5949.0,403734.0,2814466.0,969.0,62278.0,224542.0,1.0,,,,,,,942287.0,939529.0,,308.5,6441.0,0.0,0.0,0.0,57.5,251.0,0.0,0.0,0.0,0.0,0.0,0.0,251.0,0.0,0.0,0.0,0.0,0.0,1130.0,5311.0,0.0,0.0,0.0,0.0,0.0,0.0,0.0,0.0,0.0,0.0,23.5,24.0,49.0,99.0,71.0,42.0,0.0,308.5,0.0,0.0,0.0,0.0,142.0,1028.0,688.0,1873.0,1727.0,921.0,62.0,6441.0,7.0,2241.0,-1.15
17615153WY,22917,WY,WY,2021,WYOMING GAS CO,WYOMING GAS CO,WYOMING GAS CO,Privately Owned,matched,,primary,1,1,no,yes,WYOMING GAS CO,eia:17615153WY,470430.0,5190743.0,5980.0,420513.0,3729128.0,968.0,77951.0,619016.0,1.0,,,,,,,972055.0,971026.0,,310.5,6490.0,0.0,0.0,0.0,57.5,253.0,0.0,0.0,0.0,0.0,0.0,0.0,253.0,0.0,0.0,0.0,0.0,0.0,1129.0,5361.0,0.0,0.0,0.0,0.0,0.0,0.0,0.0,0.0,0.0,0.0,23.5,24.0,49.0,99.0,71.0,42.0,2.0,310.5,0.0,0.0,0.0,0.0,109.0,1028.0,688.0,1873.0,1727.0,921.0,144.0,6490.0,5.0,2100.0,-0.16
17615153WY,22917,WY,WY,2022,WYOMING GAS CO,WYOMING GAS CO,WYOMING GAS CO,Privately Owned,matched,,primary,1,1,no,yes,WYOMING GAS CO,eia:17615153WY,521836.0,7723992.0,6010.0,443624.0,5551014.0,980.0,61571.0,478783.0,1.0,,,,,,,1014365.0,1029512.0,,311.0,6535.0,0.0,0.0,0.0,56.5,254.5,0.0,0.0,0.0,0.0,0.0,0.0,254.5,0.0,0.0,0.0,0.0,0.0,1118.0,5417.0,0.0,0.0,0.0,0.0,0.0,0.0,0.0,0.0,0.0,0.0,22.5,24.0,49.0,99.0,71.0,42.0,3.5,311.0,0.0,0.0,0.0,0.0,73.0,1028.0,688.0,1873.0,1727.0,921.0,225.0,6535.0,11.0,1780.0,-0.44
17615153WY,22917,WY,WY,2023,WYOMING GAS CO,WYOMING GAS CO,WYOMING GAS CO,Privately Owned,matched,,primary,1,1,no,yes,WYOMING GAS CO,eia:17615153WY,479044.0,7518316.0,6014.0,418284.0,5639415.0,986.0,78999.0,309156.0,2.0,,,,,,,972235.0,978432.0,,311.0,6574.0,0.0,0.0,0.0,56.5,254.5,0.0,0.0,0.0,0.0,0.0,0.0,254.5,0.0,0.0,0.0,0.0,0.0,1118.0,5456.0,0.0,0.0,0.0,0.0,0.0,0.0,0.0,0.0,0.0,0.0,22.5,24.0,49.0,99.0,71.0,42.0,3.5,311.0,0.0,0.0,0.0,0.0,73.0,1028.0,688.0,1873.0,1727.0,921.0,264.0,6574.0,6.0,1644.0,-1.14
17615153WY,22917,WY,WY,2024,WYOMING GAS CO,WYOMING GAS CO,WYOMING GAS CO,Privately Owned,matched,,primary,1,1,no,yes,WYOMING GAS CO,eia:17615153WY,427100.0,4727564.0,6024.0,338921.0,2960231.0,989.0,118799.0,440128.0,2.0,,,,,,,858930.0,886825.0,,317.0,6604.0,0.0,0.0,0.0,56.5,260.5,0.0,0.0,0.0,0.0,0.0,0.0,260.5,0.0,0.0,0.0,0.0,0.0,1118.0,5486.0,0.0,0.0,0.0,0.0,0.0,0.0,0.0,0.0,0.0,0.0,22.5,24.0,49.0,99.0,71.0,42.0,9.5,317.0,0.0,0.0,0.0,0.0,69.0,1028.0,688.0,1873.0,1727.0,921.0,298.0,6604.0,4.0,3756.0,-1.3
17615153WY,22917,WY,WY,2025,WYOMING GAS CO,WYOMING GAS CO,WYOMING GAS CO,Privately Owned,matched,,primary,1,1,no,yes,WYOMING GAS CO,eia:17615153WY,,,,,,,,,,,,,,,,,,,317.5,6664.0,0.0,0.0,0.0,56.5,261.0,0.0,0.0,0.0,0.0,0.0,0.0,261.0,0.0,0.0,0.0,0.0,0.0,1055.0,5609.0,0.0,0.0,0.0,0.0,0.0,0.0,0.0,0.0,0.0,0.0,22.5,24.0,49.0,99.0,71.0,42.0,10.0,317.5,0.0,0.0,0.0,0.0,6.0,1028.0,688.0,1873.0,1727.0,921.0,421.0,6664.0,8.0,2342.0,-1.3
