eia_id,phmsa_id,phmsa_stop,state,year,operator,eia_name,phmsa_name,ownership,match_status,predecessor_of,phmsa_report_role,n_phmsa_reports,n_phmsa_operators,n_eia_filers,combined_report,on_map,territory_name,fid,Residential Sales [VL],Residential Sales [CS],Residential Sales [CT],Commercial Sales [VL],Commercial Sales [CS],Commercial Sales [CT],Industrial Sales [VL],Industrial Sales [CS],Industrial Sales [CT],Electric Power Sales [VL],Electric Power Sales [CS],Electric Power Sales [CT],Vehicle Fuel Sales [VL],Vehicle Fuel Sales [CS],Vehicle Fuel Sales [CT],Total Supply [VL],Total Disposition [VL],Losses from Leaks [VL],MMILES_TOTAL,NUM_SRVCS_TOTAL,MMILES_STEEL_UNP_BARE,MMILES_STEEL_UNP_COATED,MMILES_STEEL_CP_BARE,MMILES_STEEL_CP_COATED,MMILES_PLASTIC,MMILES_CI,MMILES_CI_WR_TOTAL,MMILES_RCI,MMILES_DI,MMILES_CU,MMILES_OTHER,MMILES_PE_TOTAL,MMILES_ABS_TOTAL,MMILES_OTH_PLSTC_TOTAL,NUM_SRVS_STEEL_UNP_BARE,NUM_SRVS_STEEL_UNP_COATED,NUM_SRVS_STEEL_CP_BARE,NUM_SRVS_STEEL_CP_COATED,NUM_SRVS_PLASTIC,NUM_SRVS_CI,NUM_SRVS_CI_WR_TOTAL,NUM_SRVS_RCI,NUM_SRVS_DI,NUM_SRVS_CU,NUM_SRVS_OTHER,MMILES_BY_DCD_UNK,MMILES_BY_DCD_PRE1940,MMILES_BY_DCD_1940_TO_1949,MMILES_BY_DCD_1950_TO_1959,MMILES_BY_DCD_1960_TO_1969,MMILES_BY_DCD_1970_TO_1979,MMILES_BY_DCD_1980_TO_1989,MMILES_BY_DCD_1990_TO_1999,MMILES_BY_DCD_2000_TO_2009,MMILES_BY_DCD_2010_TO_2019,MMILES_BY_DCD_2020_TO_2029,MMILES_BY_DCD_TOTAL,NUM_SRVS_BY_DCD_UNK,NUM_SRVS_BY_DCD_PRE1940,NUM_SRVS_BY_DCD_1940_TO_1949,NUM_SRVS_BY_DCD_1950_TO_1959,NUM_SRVS_BY_DCD_1960_TO_1969,NUM_SRVS_BY_DCD_1970_TO_1979,NUM_SRVS_BY_DCD_1980_TO_1989,NUM_SRVS_BY_DCD_1990_TO_1999,NUM_SRVS_BY_DCD_2000_TO_2009,NUM_SRVS_BY_DCD_2010_TO_2019,NUM_SRVS_BY_DCD_2020_TO_2029,NUM_SRVS_BY_DCD_TOTAL,PARTDTOTDAMAGES,PARTDTOTTICKETS,PERCENT_UNACC_GAS
17604438AR,621,AR OK,AR,1997,ARKANSAS OKLAHOMA GAS CORPORATION,ARKANSAS OKLAHOMA GAS CORPORATION,ARKANSAS OKLAHOMA GAS CORP,nan,matched,,additional,3,1,1,yes,yes,ARKANSAS OKLAHOMA GAS CORP,eia:17604438AR,,,,,,,,,,,,,,,,,,,1205.0,48988.0,44.0,0.0,242.0,309.0,610.0,0.0,0.0,,0.0,0.0,0.0,610.0,0.0,0.0,6387.0,0.0,11771.0,16196.0,14634.0,0.0,0.0,,0.0,0.0,0.0,,,,,,,,,,,,,,,,,,,,,,,,,,,1.14
17604438AR,621,AR OK,AR,1997,ARKANSAS OKLAHOMA GAS CORPORATION,ARKANSAS OKLAHOMA GAS CORPORATION,ARKANSAS OKLAHOMA GAS CORP,nan,matched,,additional,3,1,1,yes,yes,ARKANSAS OKLAHOMA GAS CORP,eia:17604438AR,,,,,,,,,,,,,,,,,,,529.0,16896.0,3.0,0.0,52.0,211.0,263.0,0.0,0.0,,0.0,0.0,0.0,263.0,0.0,0.0,1384.0,0.0,3021.0,6415.0,6076.0,0.0,0.0,,0.0,0.0,0.0,,,,,,,,,,,,,,,,,,,,,,,,,,,3.0
17604438AR,621,AR OK,AR,1997,ARKANSAS OKLAHOMA GAS CORPORATION,ARKANSAS OKLAHOMA GAS CORPORATION,ARKANSAS OKLAHOMA GAS CORP,nan,matched,,primary,3,1,1,yes,yes,ARKANSAS OKLAHOMA GAS CORP,eia:17604438AR,3610149.0,21644996.0,40655.0,2810882.0,14510347.0,5325.0,2526921.0,8100052.0,23.0,,,,1074.0,5507.0,1.0,24100236.0,23824205.0,,1734.0,65884.0,47.0,0.0,294.0,520.0,873.0,0.0,0.0,,0.0,0.0,0.0,873.0,0.0,0.0,7771.0,0.0,14792.0,22611.0,20710.0,0.0,0.0,,0.0,0.0,0.0,,,,,,,,,,,,,,,,,,,,,,,,,,,1.45
17604438AR,621,AR OK,AR,1998,ARKANSAS OKLAHOMA GAS CORPORATION,ARKANSAS OKLAHOMA GAS CORPORATION,ARKANSAS OKLAHOMA GAS CORP,nan,matched,,primary,1,1,1,yes,yes,ARKANSAS OKLAHOMA GAS CORP,eia:17604438AR,3152676.0,20365512.0,40456.0,2453421.0,12311632.0,5216.0,1822285.0,5345445.0,27.0,,,,,,,22277097.0,21248915.0,,1242.0,49368.0,43.0,0.0,242.0,308.0,649.0,0.0,0.0,,0.0,0.0,0.0,649.0,0.0,0.0,6026.0,0.0,11106.0,15280.0,16956.0,0.0,0.0,,0.0,0.0,0.0,,,,,,,,,,,,,,,,,,,,,,,,,,,3.66
17604438AR,621,AR OK,AR,1999,ARKANSAS OKLAHOMA GAS CORPORATION,ARKANSAS OKLAHOMA GAS CORPORATION,ARKANSAS OKLAHOMA GAS CORP,nan,matched,,primary,1,1,1,yes,yes,ARKANSAS OKLAHOMA GAS CORP,eia:17604438AR,2970624.0,20888896.0,40953.0,2321270.0,11485562.0,5270.0,3123332.0,7812217.0,32.0,,,,,,,18955972.0,18119657.0,,1275.0,51706.0,42.0,0.0,240.0,306.0,687.0,0.0,0.0,,0.0,0.0,0.0,687.0,0.0,0.0,5977.0,0.0,11076.0,15234.0,19419.0,0.0,0.0,,0.0,0.0,0.0,,,,,,,,,,,,,,,,,,,,,,,,,,,3.59
17604438AR,621,AR OK,AR,2000,ARKANSAS OKLAHOMA GAS CORPORATION,ARKANSAS OKLAHOMA GAS CORPORATION,ARKANSAS OKLAHOMA GAS CORP,nan,matched,,primary,1,1,1,yes,yes,ARKANSAS OKLAHOMA GAS CORP,eia:17604438AR,3179212.0,22513294.0,42070.0,2552780.0,12614768.0,5401.0,3154275.0,11390124.0,31.0,,,,,,,20928181.0,20014131.0,,1286.0,51624.0,40.0,0.0,238.0,305.0,703.0,0.0,0.0,,0.0,0.0,0.0,703.0,0.0,0.0,5952.0,0.0,10990.0,15572.0,19110.0,0.0,0.0,,0.0,0.0,0.0,,,,,,,,,,,,,,,,,,,,,,,,,,,4.06
17604438AR,621,AR OK,AR,2001,ARKANSAS OKLAHOMA GAS CORPORATION,ARKANSAS OKLAHOMA GAS CORPORATION,ARKANSAS OKLAHOMA GAS CORP,nan,matched,,additional,2,1,1,yes,yes,ARKANSAS OKLAHOMA GAS CORP,eia:17604438AR,,,,,,,,,,,,,,,,,,,567.0,18407.0,2.0,0.0,51.0,207.0,307.0,0.0,0.0,,0.0,0.0,0.0,307.0,0.0,0.0,1.0,0.0,2883.0,8138.0,7385.0,0.0,0.0,,0.0,0.0,0.0,,,,,,,,,,,,,,,,,,,,,,,,,,,9.83
17604438AR,621,AR,AR,2001,ARKANSAS OKLAHOMA GAS CORPORATION,ARKANSAS OKLAHOMA GAS CORPORATION,ARKANSAS OKLAHOMA GAS CORP,nan,matched,,primary,2,1,1,no,yes,ARKANSAS OKLAHOMA GAS CORP,eia:17604438AR,,,,,,,,,,,,,,,,,,,1294.0,52245.0,40.0,0.0,234.0,304.0,716.0,0.0,0.0,,0.0,0.0,0.0,716.0,0.0,0.0,5923.0,0.0,10941.0,15484.0,19897.0,0.0,0.0,,0.0,0.0,0.0,,,,,,,,,,,,,,,,,,,,,,,,,,,3.21
17604438AR,621,AR OK,AR,2002,ARKANSAS OKLAHOMA GAS CORPORATION,ARKANSAS OKLAHOMA GAS CORPORATION,ARKANSAS OKLAHOMA GAS CORP,nan,matched,,primary,1,1,1,yes,yes,ARKANSAS OKLAHOMA GAS CORP,eia:17604438AR,,,,,,,,,,,,,,,,,,,1301.0,52723.0,39.0,0.0,232.0,302.0,728.0,0.0,0.0,,0.0,0.0,0.0,728.0,0.0,0.0,5803.0,0.0,10841.0,15506.0,20573.0,0.0,0.0,,0.0,0.0,0.0,,,,,,,,,,,,,,,,,,,,,,,,,,,2.97
17604438AR,621,AR OK,AR,2003,ARKANSAS OKLAHOMA GAS CORPORATION,ARKANSAS OKLAHOMA GAS CORPORATION,ARKANSAS OKLAHOMA GAS CORP,nan,matched,,primary,1,1,1,yes,yes,ARKANSAS OKLAHOMA GAS CORP,eia:17604438AR,2988400.0,27973152.0,41621.0,2143469.0,16414487.0,5374.0,2288352.0,12447407.0,33.0,,,,,,,15703083.0,15525550.0,,1949.0,70241.0,41.0,0.0,294.0,549.0,1065.0,0.0,0.0,,0.0,0.0,0.0,1065.0,0.0,0.0,6941.0,0.0,13524.0,21339.0,28437.0,0.0,0.0,,0.0,0.0,0.0,,,,,,,,,,,,,,,,,,,,,,,,,,,2.82
17604438AR,,,AR,2004,ARKANSAS OKLAHOMA GAS CORPORATION,ARKANSAS OKLAHOMA GAS CORPORATION,,,eia_only,,,,0,1,,yes,ARKANSAS OKLAHOMA GAS CORP,eia:17604438AR,2697494.0,28703274.0,41582.0,1891599.0,16635755.0,5374.0,2513232.0,17050133.0,33.0,,,,,,,15117349.0,14654321.0,,,,,,,,,,,,,,,,,,,,,,,,,,,,,,,,,,,,,,,,,,,,,,,,,,,,,,,
17604438AR,621,AR,AR,2005,ARKANSAS OKLAHOMA GAS CORPORATION,ARKANSAS OKLAHOMA GAS CORPORATION,ARKANSAS OKLAHOMA GAS CORP,nan,matched,,primary,1,1,1,no,yes,ARKANSAS OKLAHOMA GAS CORP,eia:17604438AR,2615203.0,34242719.0,41337.0,1863929.0,20538549.0,5317.0,1595169.0,12916349.0,21.0,,,,,,,13091151.0,12801221.0,,1493.0,53415.0,38.0,0.0,243.0,425.0,787.0,0.0,0.0,,0.0,0.0,0.0,787.0,0.0,0.0,5653.0,0.0,10559.0,15106.0,22097.0,0.0,0.0,,0.0,0.0,0.0,0.0,105.0,79.0,112.0,238.0,179.0,220.0,449.0,111.0,,,1493.0,30552.0,10.0,27.0,710.0,19.0,4323.0,5484.0,9006.0,3284.0,,,53415.0,,,2.23
17604438AR,621,AR,AR,2006,ARKANSAS OKLAHOMA GAS CORPORATION,ARKANSAS OKLAHOMA GAS CORPORATION,ARKANSAS OKLAHOMA GAS CORP,nan,matched,,primary,1,1,1,no,yes,ARKANSAS OKLAHOMA GAS CORP,eia:17604438AR,2301405.0,34277858.0,40662.0,1695631.0,19372718.0,5274.0,1230007.0,10262288.0,16.0,,,,,,,11977839.0,11593951.0,,1509.0,53855.0,37.0,0.0,240.0,427.0,805.0,0.0,0.0,,0.0,0.0,0.0,805.0,0.0,0.0,5612.0,0.0,10485.0,14997.0,22761.0,0.0,0.0,,0.0,0.0,0.0,0.0,102.0,78.0,111.0,236.0,179.0,219.0,450.0,134.0,,,1509.0,3604.0,0.0,27.0,5650.0,9118.0,6576.0,8353.0,14537.0,5990.0,,,53855.0,,,2.11
17604438AR,621,AR,AR,2007,ARKANSAS OKLAHOMA GAS CORPORATION,ARKANSAS OKLAHOMA GAS CORPORATION,ARKANSAS OKLAHOMA GAS CORP,nan,matched,,primary,1,1,1,no,yes,ARKANSAS OKLAHOMA GAS CORP,eia:17604438AR,2483600.0,32644248.0,40510.0,1780625.0,17980047.0,5271.0,800543.0,6905730.0,10.0,,,,,,,11949519.0,11499539.0,,1530.0,54407.0,34.0,0.0,234.0,438.0,824.0,0.0,0.0,,0.0,0.0,0.0,824.0,0.0,0.0,5561.0,0.0,10390.0,14980.0,23476.0,0.0,0.0,,0.0,0.0,0.0,0.0,98.0,77.0,108.0,235.0,177.0,217.0,458.0,160.0,,,1530.0,0.0,10.0,27.0,7972.0,9058.0,7279.0,8566.0,14302.0,7193.0,,,54407.0,,,2.66
17604438AR,621,AR,AR,2008,ARKANSAS OKLAHOMA GAS CORPORATION,ARKANSAS OKLAHOMA GAS CORPORATION,ARKANSAS OKLAHOMA GAS CORP,nan,matched,,primary,1,1,1,no,yes,ARKANSAS OKLAHOMA GAS CORP,eia:17604438AR,2693650.0,36464913.0,40762.0,1927709.0,21480209.0,5271.0,602596.0,5965763.0,7.0,,,,,,,12694291.0,12051763.0,,1543.6,54504.0,32.0,0.0,232.0,438.5,841.1,0.0,0.0,,0.0,0.0,0.0,841.1,0.0,0.0,4374.0,0.0,8172.0,11782.0,30176.0,0.0,0.0,,0.0,0.0,0.0,0.0,96.1,76.3,106.8,236.0,176.2,216.6,457.4,178.2,,,1543.6,0.0,10.0,27.0,7540.0,9058.0,7279.0,8565.0,14297.0,7728.0,,,54504.0,,,1.64
17604438AR,621,AR,AR,2009,ARKANSAS OKLAHOMA GAS CORPORATION,ARKANSAS OKLAHOMA GAS CORPORATION,ARKANSAS OKLAHOMA GAS CORP,nan,matched,,primary,1,1,1,no,yes,ARKANSAS OKLAHOMA GAS CORP,eia:17604438AR,2620810.0,30294142.0,40510.0,1830093.0,16358866.0,5275.0,576664.0,3347198.0,7.0,,,,,,,10721374.0,9915756.0,,1546.4,54674.0,30.0,0.0,229.0,434.7,852.7,0.0,0.0,,0.0,0.0,0.0,852.7,0.0,0.0,4267.0,0.0,7972.0,11495.0,30940.0,0.0,0.0,,0.0,0.0,0.0,0.0,94.6,75.5,104.1,234.8,173.2,215.9,455.2,193.1,,,1546.4,0.0,10.0,27.0,7411.0,8592.0,7279.0,8564.0,14295.0,8496.0,,,54674.0,,,1.81
17604438AR,621,AR,AR,2010,ARKANSAS OKLAHOMA GAS CORPORATION,ARKANSAS OKLAHOMA GAS CORPORATION,ARKANSAS OKLAHOMA GAS CORP,nan,matched,,primary,1,1,1,no,yes,ARKANSAS OKLAHOMA GAS CORP,eia:17604438AR,2740703.0,26987008.0,40479.0,1891266.0,14010693.0,5277.0,529691.0,2857746.0,9.0,,,,,,,11344992.0,11178293.0,11342.0,1576.6,54816.0,28.0,0.0,227.0,455.4,866.2,0.0,0.0,,0.0,0.0,0.0,866.2,0.0,0.0,4216.0,0.0,7917.0,11218.0,31465.0,0.0,0.0,,0.0,0.0,0.0,0.0,93.3,77.9,103.2,234.0,172.4,216.5,471.5,187.4,20.4,,1576.6,0.0,10.0,27.0,7300.0,8318.0,7279.0,8564.0,14293.0,8255.0,770.0,,54816.0,389.0,18205.0,2.19
17604438AR,621,AR,AR,2011,ARKANSAS OKLAHOMA GAS CORPORATION,ARKANSAS OKLAHOMA GAS CORPORATION,ARKANSAS OKLAHOMA GAS CORP,nan,matched,,primary,1,1,1,no,yes,ARKANSAS OKLAHOMA GAS CORP,eia:17604438AR,2517009.0,26377716.0,40425.0,1750293.0,13762732.0,5266.0,198219.0,1263655.0,7.0,,,,,,,10494171.0,10338691.0,10181.0,1582.5,54914.0,25.5,0.0,227.0,455.4,874.6,0.0,0.0,,0.0,0.0,0.0,874.6,0.0,0.0,3801.0,0.0,7914.0,11225.0,31974.0,0.0,0.0,,0.0,0.0,0.0,0.0,92.4,77.0,102.6,233.2,172.2,217.0,471.2,187.1,29.8,,1582.5,0.0,10.0,27.0,6885.0,8318.0,7279.0,8564.0,14289.0,8255.0,1287.0,,54914.0,124.0,17416.0,2.2
17604438AR,621,AR,AR,2012,ARKANSAS OKLAHOMA GAS CORPORATION,ARKANSAS OKLAHOMA GAS CORPORATION,ARKANSAS OKLAHOMA GAS CORP,nan,matched,,primary,1,1,1,no,yes,ARKANSAS OKLAHOMA GAS CORP,eia:17604438AR,1956133.0,22406812.0,40187.0,1387618.0,11155974.0,5229.0,165705.0,896209.0,7.0,,,,9617.0,86786.0,47.0,8939879.0,8840618.0,20346.0,1597.7,55041.0,23.2,0.0,227.0,468.9,878.6,0.0,0.0,,0.0,0.0,0.0,878.6,0.0,0.0,3324.0,0.0,7914.0,11227.0,32576.0,0.0,0.0,,0.0,0.0,0.0,0.0,91.6,76.7,104.1,234.7,171.7,216.7,470.2,192.7,39.3,,1597.7,0.0,10.0,27.0,6408.0,8318.0,7279.0,8564.0,14289.0,8251.0,1895.0,,55041.0,130.0,16825.0,2.32
17604438AR,621,AR,AR,2013,ARKANSAS OKLAHOMA GAS CORPORATION,ARKANSAS OKLAHOMA GAS CORPORATION,ARKANSAS OKLAHOMA GAS CORP,nan,matched,,primary,1,1,1,no,yes,ARKANSAS OKLAHOMA GAS CORP,eia:17604438AR,2606071.0,26100741.0,40055.0,1873016.0,13970717.0,5191.0,27385.0,169715.0,1.0,,,,12974.0,128887.0,1.0,9923846.0,9616135.0,16793.0,1617.55,55217.0,25.95,0.0,227.0,476.1,888.5,0.0,0.0,,0.0,0.0,0.0,888.5,0.0,0.0,2790.0,0.0,7914.0,11227.0,33286.0,0.0,0.0,,0.0,0.0,0.0,0.0,92.5,75.8,103.2,233.6,173.06,221.93,470.26,192.5,54.7,,1617.55,0.0,10.0,27.0,5867.0,8318.0,7279.0,8563.0,14289.0,8248.0,2616.0,,55217.0,90.0,16673.0,2.35
17604438AR,621,AR,AR,2014,ARKANSAS OKLAHOMA GAS CORPORATION,ARKANSAS OKLAHOMA GAS CORPORATION,ARKANSAS OKLAHOMA GAS CORP,nan,matched,,primary,1,1,1,no,yes,ARKANSAS OKLAHOMA GAS CORP,eia:17604438AR,2764239.0,28488079.0,39957.0,1970128.0,15750316.0,5199.0,42304.0,284919.0,1.0,,,,16735.0,182981.0,1.0,9930250.0,9813238.0,15248.0,1633.54,55274.0,20.9,0.0,225.6,468.4,918.64,0.0,0.0,,0.0,0.0,0.0,918.64,0.0,0.0,2760.0,0.0,7815.0,11095.0,33604.0,0.0,0.0,,0.0,0.0,0.0,173.51,45.89,38.16,73.42,174.29,169.88,240.34,449.42,201.88,66.75,,1633.54,0.0,10.0,27.0,5603.0,8318.0,7278.0,8562.0,14286.0,8248.0,2942.0,,55274.0,81.0,15101.0,2.29
17604438AR,621,AR,AR,2015,ARKANSAS OKLAHOMA GAS CORPORATION,ARKANSAS OKLAHOMA GAS CORPORATION,ARKANSAS OKLAHOMA GAS CORP,Privately Owned,matched,,primary,1,1,1,no,yes,ARKANSAS OKLAHOMA GAS CORP,eia:17604438AR,2367970.0,31364325.0,39905.0,1722522.0,17374078.0,5203.0,50521.0,317601.0,1.0,,,,21416.0,223295.0,1.0,7795802.0,7789280.0,10110.0,1640.71,55384.0,19.5,0.0,234.6,459.5,927.11,,0.0,,,,,927.11,0.0,0.0,2500.0,,7710.0,11055.0,34119.0,,0.0,,,,,171.74,44.74,36.85,75.68,173.52,171.25,238.68,447.59,201.17,79.49,,1640.71,0.0,3.0,29.0,5217.0,8320.0,7281.0,8542.0,14248.0,8246.0,3498.0,,55384.0,221.0,15847.0,2.32
17604438AR,621,AR,AR,2016,ARKANSAS OKLAHOMA GAS CORPORATION,ARKANSAS OKLAHOMA GAS CORPORATION,ARKANSAS OKLAHOMA GAS CORP,Privately Owned,matched,,primary,1,1,1,no,yes,ARKANSAS OKLAHOMA GAS CORP,eia:17604438AR,1990891.0,21294098.0,39858.0,1508920.0,11067511.0,5226.0,51033.0,222721.0,1.0,,,,30967.0,312978.0,1.0,7075613.0,6853037.0,9822.0,1653.7,55372.0,16.4,0.0,238.8,459.05,939.45,,0.0,,,,,939.45,0.0,0.0,2140.0,0.0,7603.0,11055.0,34574.0,,0.0,,,,,182.15,42.64,38.15,73.1,171.86,172.48,240.6,437.07,204.09,91.56,,1653.7,0.0,0.0,4.0,4790.0,8307.0,7279.0,8542.0,14245.0,8243.0,3962.0,,55372.0,144.0,19442.0,2.6
17604438AR,621,AR,AR,2017,ARKANSAS OKLAHOMA GAS CORPORATION,ARKANSAS OKLAHOMA GAS CORPORATION,ARKANSAS OKLAHOMA GAS CORP,Privately Owned,matched,,primary,1,1,1,no,yes,ARKANSAS OKLAHOMA GAS CORP,eia:17604438AR,1842407.0,22699129.0,39857.0,1480954.0,12574794.0,5275.0,54762.0,299669.0,1.0,,,,29374.0,316766.0,1.0,6769389.0,6564972.0,10990.0,1669.41,55324.0,10.2,0.0,238.78,458.43,962.0,,0.0,,,,,962.19,0.0,0.0,1435.0,0.0,6955.0,11217.0,35717.0,,0.0,,,,,179.69,40.72,37.68,72.18,171.22,171.5,241.45,436.65,203.9,115.0,,1669.99,0.0,0.0,3.0,3610.0,8307.0,7266.0,8526.0,14223.0,8241.0,5148.0,,55324.0,111.0,19196.0,2.63
17604438AR,621,AR,AR,2018,ARKANSAS OKLAHOMA GAS CORPORATION,ARKANSAS OKLAHOMA GAS CORPORATION,ARKANSAS OKLAHOMA GAS CORP,Privately Owned,matched,,primary,1,1,1,no,yes,ARKANSAS OKLAHOMA GAS CORP,eia:17604438AR,2512078.0,25985687.0,39864.0,1966119.0,15217801.0,5276.0,28700.0,173411.0,1.0,,,,31049.0,317050.0,1.0,7918366.0,7790369.0,12355.0,1668.85,55452.0,10.0,0.0,225.44,456.12,977.29,0.0,0.0,0.0,0.0,0.0,0.0,977.29,0.0,0.0,931.0,0.0,6910.0,11550.0,36061.0,0.0,0.0,0.0,0.0,0.0,0.0,177.05,32.84,36.61,70.41,170.38,170.87,240.79,435.51,205.22,129.17,,1668.85,0.0,0.0,3.0,3577.0,8196.0,7204.0,8486.0,14145.0,8236.0,5605.0,,55452.0,137.0,21406.0,2.45
17604438AR,621,AR,AR,2019,ARKANSAS OKLAHOMA GAS CORPORATION,ARKANSAS OKLAHOMA GAS CORPORATION,ARKANSAS OKLAHOMA GAS CORP,Investor Owned,matched,,primary,1,1,1,no,yes,ARKANSAS OKLAHOMA GAS CORP,eia:17604438AR,2429611.0,31030852.0,40058.0,2013703.0,18691096.0,5279.0,54744.0,336176.0,1.0,,,,23646.0,289278.0,1.0,7745417.0,7590871.0,10333.0,1663.4,54840.0,10.0,0.0,215.28,460.68,977.44,0.0,0.0,0.0,0.0,0.0,0.0,977.44,0.0,0.0,831.0,0.0,6880.0,11635.0,35494.0,0.0,0.0,0.0,0.0,0.0,0.0,170.74,27.53,35.15,68.27,168.9,169.17,243.98,434.38,203.14,142.15,,1663.41,0.0,0.0,1.0,3562.0,8182.0,7126.0,8288.0,13380.0,8163.0,6138.0,,54840.0,151.0,24383.0,2.38
17604438AR,621,AR,AR,2020,ARKANSAS OKLAHOMA GAS CORPORATION,ARKANSAS OKLAHOMA GAS CORPORATION,ARKANSAS OKLAHOMA GAS CORP,Investor Owned,matched,,primary,1,1,1,no,yes,ARKANSAS OKLAHOMA GAS CORP,eia:17604438AR,2167317.0,27341883.0,40336.0,1763424.0,15721327.0,5294.0,92850.0,487658.0,2.0,,,,13589.0,120407.0,1.0,7303055.0,7129493.0,10257.0,1674.89,54293.0,5.11,0.0,213.26,458.23,998.29,0.0,0.0,0.0,0.0,0.0,0.0,998.29,0.0,0.0,792.0,0.0,6880.0,11635.0,34986.0,0.0,0.0,0.0,0.0,0.0,0.0,168.05,25.61,33.79,67.0,167.75,167.94,243.05,434.34,202.2,153.34,11.82,1674.89,0.0,0.0,1.0,3515.0,8182.0,6999.0,7878.0,12622.0,7835.0,6493.0,768.0,54293.0,107.0,20738.0,2.37
17604438AR,621,AR,AR,2021,ARKANSAS OKLAHOMA GAS CORPORATION,ARKANSAS OKLAHOMA GAS CORPORATION,ARKANSAS OKLAHOMA GAS CORP,Investor Owned,matched,,primary,1,1,1,no,yes,ARKANSAS OKLAHOMA GAS CORP,eia:17604438AR,2300093.0,31361928.0,40435.0,1855609.0,18497554.0,5319.0,156942.0,1080680.0,3.0,,,,6920.0,56988.0,1.0,7548464.0,7599047.0,10295.0,1671.75,53735.0,5.11,0.0,193.5,458.78,1014.36,0.0,0.0,0.0,0.0,0.0,0.0,1014.36,0.0,0.0,752.0,0.0,6776.0,11635.0,34572.0,0.0,0.0,0.0,0.0,0.0,0.0,161.79,21.07,29.01,64.42,164.78,164.5,240.0,430.37,199.74,152.3,43.74,1671.72,0.0,0.0,1.0,3373.0,8180.0,6403.0,7438.0,11870.0,7792.0,6488.0,2190.0,53735.0,122.0,21859.0,2.62
17604438AR,621,AR,AR,2022,ARKANSAS OKLAHOMA GAS CORPORATION,ARKANSAS OKLAHOMA GAS CORPORATION,ARKANSAS OKLAHOMA GAS CORP,Investor Owned,matched,,primary,1,1,1,no,yes,ARKANSAS OKLAHOMA GAS CORP,eia:17604438AR,2198229.0,41114046.0,40168.0,1873287.0,27582370.0,5345.0,75320.0,932630.0,3.0,,,,8317.0,92338.0,1.0,7895526.0,7622806.0,12951.0,1670.01,51822.0,160.08,,12.99,446.81,1050.13,0.0,0.0,0.0,0.0,0.0,0.0,1050.13,0.0,0.0,568.0,,6252.0,12126.0,32876.0,0.0,0.0,0.0,0.0,0.0,0.0,149.82,14.23,24.48,55.63,156.68,158.09,240.04,427.65,196.82,152.66,93.93,1670.03,0.0,0.0,0.0,3337.0,8083.0,5760.0,6052.0,10760.0,7567.0,6434.0,3829.0,51822.0,139.0,23579.0,2.17
17604438AR,621,AR,AR,2023,ARKANSAS OKLAHOMA GAS CORPORATION,ARKANSAS OKLAHOMA GAS CORPORATION,ARKANSAS OKLAHOMA GAS CORP,Investor Owned,matched,,primary,1,1,1,no,yes,ARKANSAS OKLAHOMA GAS CORP,eia:17604438AR,2042002.0,39897650.0,40059.0,1763658.0,25763258.0,5348.0,135229.0,925101.0,2.0,,,,12757.0,120419.0,1.0,7318908.0,7234272.0,11594.0,1678.12,53388.0,146.76,,12.99,445.23,1073.14,0.0,0.0,0.0,0.0,0.0,0.0,1073.14,0.0,0.0,568.0,,6252.0,12130.0,34438.0,0.0,0.0,0.0,0.0,0.0,0.0,146.1,11.13,22.22,51.31,155.19,154.24,238.22,426.77,195.39,152.09,125.59,1678.25,0.0,0.0,1.0,3337.0,8083.0,5596.0,4973.0,10520.0,7569.0,6434.0,6875.0,53388.0,125.0,24778.0,2.11
17604438AR,621,AR,AR,2024,ARKANSAS OKLAHOMA GAS CORPORATION,ARKANSAS OKLAHOMA GAS CORPORATION,ARKANSAS OKLAHOMA GAS CORP,Investor Owned,matched,,primary,1,1,1,no,yes,ARKANSAS OKLAHOMA GAS CORP,eia:17604438AR,1901707.0,33320072.0,39998.0,1742733.0,21391935.0,5354.0,105792.0,821797.0,2.0,,,,5692.0,69960.0,1.0,7277242.0,7182079.0,11153.0,1675.22,53694.0,135.11,,12.03,430.89,1097.19,0.0,0.0,0.0,0.0,0.0,0.0,1097.19,0.0,0.0,568.0,,6252.0,11731.0,35143.0,0.0,0.0,0.0,0.0,0.0,0.0,140.34,7.08,20.26,46.35,155.27,154.06,255.77,412.04,172.55,146.69,164.83,1675.24,0.0,0.0,3.0,3312.0,7868.0,5212.0,4555.0,9775.0,7581.0,6440.0,8948.0,53694.0,131.0,26493.0,1.95
17604438AR,621,AR,AR,2025,ARKANSAS OKLAHOMA GAS CORPORATION,ARKANSAS OKLAHOMA GAS CORPORATION,ARKANSAS OKLAHOMA GAS CORP,Investor Owned,matched,,primary,1,1,1,no,yes,ARKANSAS OKLAHOMA GAS CORP,eia:17604438AR,,,,,,,,,,,,,,,,,,,1669.35,53726.0,86.01,0.11,8.81,450.82,1123.6,0.0,0.0,0.0,0.0,0.0,0.0,1123.6,0.0,0.0,568.0,0.0,6252.0,11531.0,35375.0,0.0,0.0,0.0,0.0,0.0,0.0,130.43,3.22,16.23,38.17,138.36,151.0,229.18,420.1,191.33,151.02,200.28,1669.32,0.0,0.0,3.0,3277.0,7772.0,4983.0,4444.0,8836.0,7554.0,6349.0,10508.0,53726.0,129.0,27904.0,0.79
17605005AR,,,AR,1997,AUGUSTA LT WTR GAS,AUGUSTA LT WTR GAS,,,eia_only,,,,0,1,,yes,AUGUSTA LT WATER & GAS,eia:17605005AR,64182.0,301655.0,739.0,17981.0,98222.0,111.0,13180.0,66467.0,2.0,,,,,,,104464.0,95343.0,,,,,,,,,,,,,,,,,,,,,,,,,,,,,,,,,,,,,,,,,,,,,,,,,,,,,,,
17605005AR,,,AR,1998,AUGUSTA LT WTR GAS,AUGUSTA LT WTR GAS,,,eia_only,,,,0,1,,yes,AUGUSTA LT WATER & GAS,eia:17605005AR,52920.0,266896.0,781.0,20520.0,103491.0,146.0,12370.0,62857.0,2.0,,,,,,,107240.0,85810.0,,,,,,,,,,,,,,,,,,,,,,,,,,,,,,,,,,,,,,,,,,,,,,,,,,,,,,,
17605005AR,,,AR,1999,AUGUSTA LT WTR GAS,AUGUSTA LT WTR GAS,,,eia_only,,,,0,1,,yes,AUGUSTA LT WATER & GAS,eia:17605005AR,56556.0,284981.0,833.0,21557.0,111126.0,96.0,7588.0,38855.0,2.0,,,,,,,94888.0,85701.0,,,,,,,,,,,,,,,,,,,,,,,,,,,,,,,,,,,,,,,,,,,,,,,,,,,,,,,
17605005AR,,,AR,2000,AUGUSTA LT WTR GAS,AUGUSTA LT WTR GAS,,,eia_only,,,,0,1,,yes,AUGUSTA LT WATER & GAS,eia:17605005AR,58337.0,350468.0,806.0,23574.0,141128.0,136.0,1949.0,11561.0,2.0,,,,,,,82805.0,83860.0,,,,,,,,,,,,,,,,,,,,,,,,,,,,,,,,,,,,,,,,,,,,,,,,,,,,,,,
17605005AR,873,AR,AR,2002,AUGUSTA LT WTR GAS,AUGUSTA LT WTR GAS,"AUGUSTA LIGHT WATER & GAS, CITY OF",nan,matched,,primary,1,1,1,no,yes,AUGUSTA LT WATER & GAS,eia:17605005AR,,,,,,,,,,,,,,,,,,,30.0,914.0,0.0,0.0,0.0,25.0,5.0,0.0,0.0,,0.0,0.0,0.0,5.0,0.0,0.0,0.0,0.0,0.0,839.0,75.0,0.0,0.0,,0.0,0.0,0.0,,,,,,,,,,,,,,,,,,,,,,,,,,,16.0
17605005AR,873,AR,AR,2003,AUGUSTA LT WTR GAS,AUGUSTA LT WTR GAS,"AUGUSTA LIGHT WATER & GAS, CITY OF",nan,matched,,primary,1,1,1,no,yes,AUGUSTA LT WATER & GAS,eia:17605005AR,58189.0,462498.0,822.0,20509.0,176870.0,192.0,4785.0,38590.0,2.0,,,,,,,96899.0,83483.0,,30.0,914.0,0.0,0.0,0.0,25.0,5.0,0.0,0.0,,0.0,0.0,0.0,5.0,0.0,0.0,0.0,0.0,0.0,839.0,75.0,0.0,0.0,,0.0,0.0,0.0,,,,,,,,,,,,,,,,,,,,,,,,,,,11.1
17605005AR,873,AR,AR,2004,AUGUSTA LT WTR GAS,AUGUSTA LT WTR GAS,"AUGUSTA LIGHT WATER & GAS, CITY OF",nan,matched,,primary,1,1,1,no,yes,AUGUSTA LT WATER & GAS,eia:17605005AR,49803.0,471825.0,814.0,17268.0,155990.0,190.0,4156.0,40670.0,2.0,,,,,,,80309.0,71227.0,,30.0,914.0,0.0,0.0,0.0,25.0,5.0,0.0,0.0,,0.0,0.0,0.0,5.0,0.0,0.0,0.0,0.0,0.0,839.0,75.0,0.0,0.0,,0.0,0.0,0.0,0.0,0.0,0.0,0.0,21.0,0.0,5.0,0.0,0.0,,,26.0,0.0,0.0,0.0,0.0,866.0,0.0,75.0,0.0,0.0,,,941.0,,,13.2
17605005AR,873,AR,AR,2006,AUGUSTA LT WTR GAS,AUGUSTA LT WTR GAS,"AUGUSTA LIGHT WATER & GAS, CITY OF",nan,matched,,primary,1,1,1,no,yes,AUGUSTA LT WATER & GAS,eia:17605005AR,,,,,,,,,,,,,,,,,,,30.0,941.0,0.0,0.0,0.0,25.0,5.0,0.0,0.0,,0.0,0.0,0.0,5.0,0.0,0.0,0.0,0.0,0.0,866.0,75.0,0.0,0.0,,0.0,0.0,0.0,0.0,0.0,0.0,0.0,25.0,0.0,5.0,0.0,0.0,,,30.0,0.0,0.0,0.0,0.0,866.0,0.0,75.0,0.0,0.0,,,941.0,,,6.7
17605005AR,873,AR,AR,2007,AUGUSTA LT WTR GAS,AUGUSTA LT WTR GAS,"AUGUSTA LIGHT WATER & GAS, CITY OF",nan,matched,,primary,1,1,1,no,yes,AUGUSTA LT WATER & GAS,eia:17605005AR,,,,,,,,,,,,,,,,,,,30.0,941.0,0.0,0.0,0.0,25.0,5.0,0.0,0.0,,0.0,0.0,0.0,5.0,0.0,0.0,0.0,0.0,0.0,866.0,75.0,0.0,0.0,,0.0,0.0,0.0,0.0,0.0,0.0,0.0,25.0,0.0,5.0,0.0,0.0,,,30.0,0.0,0.0,0.0,0.0,866.0,0.0,75.0,0.0,0.0,,,941.0,,,12.0
17605005AR,,,AR,2009,AUGUSTA LT WTR GAS,AUGUSTA LT WTR GAS,,,eia_only,,,,0,1,,yes,AUGUSTA LT WATER & GAS,eia:17605005AR,44653.0,445050.0,893.0,16434.0,175205.0,77.0,,,,,,,,,,71189.0,61087.0,,,,,,,,,,,,,,,,,,,,,,,,,,,,,,,,,,,,,,,,,,,,,,,,,,,,,,,
17605005AR,873,AR,AR,2010,AUGUSTA LT WTR GAS,AUGUSTA LT WTR GAS,"AUGUSTA LIGHT WATER & GAS, CITY OF",nan,matched,,primary,1,1,1,no,yes,AUGUSTA LT WATER & GAS,eia:17605005AR,,,,,,,,,,,,,,,,,,,30.0,941.0,0.0,0.0,25.0,0.0,5.0,0.0,0.0,,0.0,0.0,0.0,5.0,0.0,0.0,0.0,0.0,866.0,0.0,75.0,0.0,0.0,,0.0,0.0,0.0,0.0,0.0,0.0,0.0,25.0,0.0,5.0,0.0,0.0,0.0,,30.0,0.0,0.0,0.0,0.0,866.0,0.0,75.0,0.0,0.0,0.0,,941.0,0.0,0.0,22.0
17605005AR,873,AR,AR,2011,AUGUSTA LT WTR GAS,AUGUSTA LT WTR GAS,"AUGUSTA LIGHT WATER & GAS, CITY OF",nan,matched,,primary,1,1,1,no,yes,AUGUSTA LT WATER & GAS,eia:17605005AR,,,,,,,,,,,,,,,,,,,30.0,942.0,0.0,0.0,25.0,0.0,5.0,0.0,0.0,,0.0,0.0,0.0,5.0,0.0,0.0,0.0,0.0,866.0,0.0,76.0,0.0,0.0,,0.0,0.0,0.0,0.0,0.0,0.0,0.0,25.0,0.0,5.0,0.0,0.0,0.0,,30.0,0.0,0.0,0.0,0.0,866.0,0.0,75.0,0.0,0.0,1.0,,942.0,0.0,5.0,11.0
17605005AR,873,AR,AR,2012,AUGUSTA LT WTR GAS,AUGUSTA LT WTR GAS,"AUGUSTA LIGHT WATER & GAS, CITY OF",nan,matched,,primary,1,1,1,no,yes,AUGUSTA LT WATER & GAS,eia:17605005AR,42038.0,382806.0,836.0,,,,,,,,,,,,,56011.0,42038.0,,30.0,942.0,0.0,0.0,25.0,0.0,5.0,0.0,0.0,,0.0,0.0,0.0,5.0,0.0,0.0,0.0,0.0,866.0,0.0,76.0,0.0,0.0,,0.0,0.0,0.0,0.0,0.0,0.0,0.0,25.0,0.0,5.0,0.0,0.0,0.0,,30.0,0.0,0.0,0.0,0.0,866.0,0.0,75.0,0.0,0.0,1.0,,942.0,0.0,1.0,15.0
17605005AR,873,AR,AR,2013,AUGUSTA LT WTR GAS,AUGUSTA LT WTR GAS,"AUGUSTA LIGHT WATER & GAS, CITY OF",nan,matched,,primary,1,1,1,no,yes,AUGUSTA LT WATER & GAS,eia:17605005AR,60459.0,496788.0,832.0,,,,,,,,,,,,,67582.0,60459.0,,30.0,942.0,0.0,0.0,25.0,0.0,5.0,0.0,0.0,,0.0,0.0,0.0,5.0,0.0,0.0,0.0,0.0,866.0,0.0,76.0,0.0,0.0,,0.0,0.0,0.0,0.0,0.0,0.0,0.0,25.0,0.0,5.0,0.0,0.0,0.0,,30.0,0.0,0.0,0.0,0.0,866.0,0.0,75.0,0.0,0.0,1.0,,942.0,0.0,0.0,15.0
17605005AR,873,AR,AR,2014,AUGUSTA LT WTR GAS,AUGUSTA LT WTR GAS,"AUGUSTA LIGHT WATER & GAS, CITY OF",nan,matched,,primary,1,1,1,no,yes,AUGUSTA LT WATER & GAS,eia:17605005AR,,,,,,,,,,,,,,,,,,,30.0,942.0,0.0,0.0,25.0,0.0,5.0,0.0,0.0,,0.0,0.0,0.0,5.0,0.0,0.0,0.0,0.0,866.0,0.0,76.0,0.0,0.0,,0.0,0.0,0.0,0.0,0.0,0.0,0.0,25.0,0.0,5.0,0.0,0.0,0.0,,30.0,0.0,0.0,0.0,0.0,866.0,0.0,75.0,0.0,0.0,1.0,,942.0,0.0,0.0,15.0
17605005AR,873,AR,AR,2015,AUGUSTA LT WTR GAS,AUGUSTA LT WTR GAS,"AUGUSTA LIGHT WATER & GAS, CITY OF",Municipal Owned,matched,,primary,1,1,1,no,yes,AUGUSTA LT WATER & GAS,eia:17605005AR,50608.0,410784.0,806.0,,,,,,,,,,,,,54173.0,50608.0,,30.0,942.0,0.0,0.0,25.0,0.0,5.0,0.0,0.0,,0.0,0.0,0.0,5.0,0.0,0.0,0.0,0.0,866.0,0.0,76.0,0.0,0.0,,0.0,0.0,0.0,0.0,0.0,0.0,0.0,25.0,0.0,5.0,0.0,0.0,0.0,,30.0,0.0,0.0,0.0,0.0,866.0,0.0,75.0,0.0,0.0,1.0,,942.0,0.0,0.0,12.0
17605005AR,873,AR,AR,2016,AUGUSTA LT WTR GAS,AUGUSTA LT WTR GAS,"AUGUSTA LIGHT WATER & GAS, CITY OF",Municipal Owned,matched,,primary,1,1,1,no,yes,AUGUSTA LT WATER & GAS,eia:17605005AR,41906.0,335052.0,801.0,,,,,,,,,,,,,51842.0,41906.0,,30.0,942.0,0.0,0.0,25.0,0.0,5.0,0.0,0.0,,0.0,0.0,0.0,5.0,0.0,0.0,0.0,0.0,866.0,0.0,76.0,0.0,0.0,,0.0,0.0,0.0,0.0,0.0,0.0,0.0,25.0,0.0,5.0,0.0,0.0,0.0,,30.0,0.0,0.0,0.0,0.0,866.0,0.0,75.0,0.0,0.0,1.0,,942.0,0.0,0.0,7.0
17605005AR,873,AR,AR,2017,AUGUSTA LT WTR GAS,AUGUSTA LT WTR GAS,"AUGUSTA LIGHT WATER & GAS, CITY OF",Municipal Owned,matched,,primary,1,1,1,no,yes,AUGUSTA LT WATER & GAS,eia:17605005AR,40412.0,328351.0,779.0,,,,,,,,,,,,,48987.0,40412.0,,30.0,942.0,0.0,0.0,25.0,0.0,5.0,0.0,0.0,,0.0,0.0,0.0,5.0,0.0,0.0,0.0,0.0,866.0,0.0,76.0,0.0,0.0,,0.0,0.0,0.0,0.0,0.0,0.0,0.0,25.0,0.0,5.0,0.0,0.0,0.0,,30.0,0.0,0.0,0.0,0.0,866.0,0.0,75.0,0.0,0.0,1.0,,942.0,0.0,0.0,9.0
17605005AR,873,AR,AR,2018,AUGUSTA LT WTR GAS,AUGUSTA LT WTR GAS,"AUGUSTA LIGHT WATER & GAS, CITY OF",Municipal Owned,matched,,primary,1,1,1,no,yes,AUGUSTA LT WATER & GAS,eia:17605005AR,52174.0,392667.0,779.0,,,,,,,,,,,,,61702.0,52174.0,,30.0,942.0,0.0,0.0,25.0,0.0,5.0,0.0,0.0,0.0,0.0,0.0,0.0,5.0,0.0,0.0,0.0,0.0,866.0,0.0,76.0,0.0,0.0,0.0,0.0,0.0,0.0,0.0,0.0,0.0,0.0,25.0,0.0,5.0,0.0,0.0,0.0,,30.0,0.0,0.0,0.0,0.0,866.0,0.0,75.0,0.0,0.0,1.0,,942.0,0.0,0.0,9.0
17605005AR,873,AR,AR,2019,AUGUSTA LT WTR GAS,AUGUSTA LT WTR GAS,"AUGUSTA LIGHT WATER & GAS, CITY OF",Municipal Owned,matched,,primary,1,1,1,no,yes,AUGUSTA LT WATER & GAS,eia:17605005AR,50088.0,375865.0,682.0,,,,,,,,,,,,,59921.0,50088.0,,30.0,942.0,0.0,0.0,25.0,0.0,5.0,0.0,0.0,0.0,0.0,0.0,0.0,5.0,0.0,0.0,0.0,0.0,866.0,0.0,76.0,0.0,0.0,0.0,0.0,0.0,0.0,0.0,0.0,0.0,0.0,25.0,0.0,5.0,0.0,0.0,0.0,,30.0,0.0,0.0,0.0,0.0,866.0,0.0,75.0,0.0,0.0,1.0,,942.0,0.0,0.0,8.0
17605005AR,873,AR,AR,2020,AUGUSTA LT WTR GAS,AUGUSTA LT WTR GAS,"AUGUSTA LIGHT WATER & GAS, CITY OF",Municipal Owned,matched,,primary,1,1,1,no,yes,AUGUSTA LT WATER & GAS,eia:17605005AR,46510.0,319062.0,682.0,,,,,,,,,,,,,55722.0,46510.0,,30.0,942.0,,,25.0,,5.0,0.0,0.0,0.0,0.0,0.0,0.0,5.0,0.0,0.0,,,866.0,,76.0,0.0,0.0,0.0,0.0,0.0,0.0,0.0,0.0,0.0,0.0,25.0,0.0,5.0,0.0,0.0,0.0,0.0,30.0,0.0,0.0,0.0,0.0,866.0,0.0,75.0,0.0,0.0,0.0,1.0,942.0,0.0,0.0,10.0
17605005AR,873,AR,AR,2021,AUGUSTA LT WTR GAS,AUGUSTA LT WTR GAS,"AUGUSTA LIGHT WATER & GAS, CITY OF",Municipal Owned,matched,,primary,1,1,1,no,yes,AUGUSTA LT WATER & GAS,eia:17605005AR,47766.0,457243.0,671.0,,,,,,,,,,,,,61283.0,47766.0,,30.0,942.0,,,25.0,,5.0,0.0,0.0,0.0,0.0,0.0,0.0,5.0,0.0,0.0,,,866.0,,76.0,0.0,0.0,0.0,0.0,0.0,0.0,0.0,0.0,0.0,0.0,25.0,0.0,5.0,0.0,0.0,0.0,0.0,30.0,0.0,0.0,0.0,0.0,866.0,0.0,75.0,0.0,0.0,0.0,1.0,942.0,0.0,0.0,15.0
17605005AR,873,AR,AR,2022,AUGUSTA LT WTR GAS,AUGUSTA LT WTR GAS,"AUGUSTA LIGHT WATER & GAS, CITY OF",Municipal Owned,matched,,primary,1,1,1,no,yes,AUGUSTA LT WATER & GAS,eia:17605005AR,44704.0,343348.0,672.0,,,,,,,,,,,,,55448.0,44704.0,,30.0,942.0,,,25.0,,5.0,0.0,0.0,0.0,0.0,0.0,0.0,5.0,0.0,0.0,,,866.0,,76.0,0.0,0.0,0.0,0.0,0.0,0.0,0.0,0.0,0.0,0.0,25.0,0.0,5.0,0.0,0.0,0.0,0.0,30.0,0.0,0.0,0.0,0.0,866.0,0.0,75.0,0.0,0.0,0.0,1.0,942.0,0.0,0.0,13.0
17605005AR,873,AR,AR,2023,AUGUSTA LT WTR GAS,AUGUSTA LT WTR GAS,"AUGUSTA LIGHT WATER & GAS, CITY OF",Municipal Owned,matched,,primary,1,1,1,no,yes,AUGUSTA LT WATER & GAS,eia:17605005AR,34172.0,373942.0,667.0,,,,,,,,,,,,,52036.0,34172.0,,30.0,942.0,,,25.0,,5.0,0.0,0.0,0.0,0.0,0.0,0.0,5.0,0.0,0.0,,,866.0,,76.0,0.0,0.0,0.0,0.0,0.0,0.0,0.0,0.0,0.0,0.0,25.0,0.0,5.0,0.0,0.0,0.0,0.0,30.0,0.0,0.0,0.0,0.0,866.0,0.0,75.0,0.0,0.0,0.0,1.0,942.0,2.0,0.0,13.0
17605005AR,873,AR,AR,2024,AUGUSTA LT WTR GAS,AUGUSTA LT WTR GAS,"AUGUSTA LIGHT WATER & GAS, CITY OF",Municipal Owned,matched,,primary,1,1,1,no,yes,AUGUSTA LT WATER & GAS,eia:17605005AR,39273.0,331838.0,659.0,,,,,,,,,,,,,44166.0,39273.0,,30.0,942.0,,,,25.0,5.0,0.0,0.0,0.0,0.0,0.0,0.0,5.0,0.0,0.0,,,,866.0,76.0,0.0,0.0,0.0,0.0,0.0,0.0,0.0,0.0,0.0,25.0,0.0,0.0,5.0,0.0,0.0,0.0,0.0,30.0,0.0,0.0,0.0,866.0,0.0,0.0,75.0,0.0,0.0,0.0,1.0,942.0,0.0,60.0,32.0
17600509AR,,,AR,1997,BLACK HILLS ENERGY,ARKANSAS WESTERN GAS CO,,,eia_only,17671155AR,,,0,2,,yes,BLACK HILLS ENERGY,eia:17671155AR,1458818.0,9672024.0,18243.0,725687.0,4061794.0,2231.0,588040.0,3053308.0,43.0,1.0,910.0,1.0,,,,4092062.0,4023105.0,,,,,,,,,,,,,,,,,,,,,,,,,,,,,,,,,,,,,,,,,,,,,,,,,,,,,,,
17600512AR,630,AR,AR,1997,BLACK HILLS ENERGY,ARKANSAS WESTERN GAS CO,SOURCEGAS ARKANSAS INC.,nan,matched,17671155AR,primary,1,1,2,no,yes,BLACK HILLS ENERGY,eia:17671155AR,7737331.0,48220854.0,91940.0,5699631.0,29306955.0,12671.0,3876519.0,15391367.0,212.0,,,,935.0,4954.0,3.0,41809642.0,41836515.0,,3016.0,114974.0,493.0,57.0,8.0,841.0,1617.0,0.0,0.0,,0.0,0.0,0.0,1617.0,0.0,0.0,11753.0,1509.0,545.0,31589.0,69578.0,0.0,0.0,,0.0,0.0,0.0,,,,,,,,,,,,,,,,,,,,,,,,,,,1.5
17600509AR,,,AR,1998,BLACK HILLS ENERGY,ARKANSAS WESTERN GAS CO,,,eia_only,17671155AR,,,0,2,,yes,BLACK HILLS ENERGY,eia:17671155AR,1211863.0,9848768.0,18275.0,620542.0,4026228.0,2261.0,394691.0,1727928.0,41.0,424.0,3695.0,1.0,,,,3528914.0,3477279.0,,,,,,,,,,,,,,,,,,,,,,,,,,,,,,,,,,,,,,,,,,,,,,,,,,,,,,,
17600512AR,630,AR,AR,1998,BLACK HILLS ENERGY,ARKANSAS WESTERN GAS CO,SOURCEGAS ARKANSAS INC.,nan,matched,17671155AR,primary,1,1,2,no,yes,BLACK HILLS ENERGY,eia:17671155AR,6909412.0,43637484.0,93946.0,5263214.0,26523395.0,13009.0,2800577.0,10714989.0,203.0,,,,807.0,4317.0,3.0,36600018.0,36666446.0,,3088.0,117360.0,482.0,54.0,8.0,847.0,1697.0,0.0,0.0,,0.0,0.0,0.0,1697.0,0.0,0.0,11438.0,1364.0,533.0,31692.0,72333.0,0.0,0.0,,0.0,0.0,0.0,,,,,,,,,,,,,,,,,,,,,,,,,,,1.1
17600509AR,,,AR,1999,BLACK HILLS ENERGY,ARKANSAS WESTERN GAS CO,,,eia_only,17671155AR,,,0,2,,yes,BLACK HILLS ENERGY,eia:17671155AR,1232041.0,9749504.0,18259.0,659509.0,4137316.0,2280.0,339751.0,1472746.0,37.0,283.0,1995.0,1.0,,,,3620991.0,3585590.0,,,,,,,,,,,,,,,,,,,,,,,,,,,,,,,,,,,,,,,,,,,,,,,,,,,,,,,
17600512AR,630,AR,AR,1999,BLACK HILLS ENERGY,ARKANSAS WESTERN GAS CO,SOURCEGAS ARKANSAS INC.,nan,matched,17671155AR,primary,1,1,2,no,yes,BLACK HILLS ENERGY,eia:17671155AR,6610113.0,43267344.0,96191.0,5318843.0,26913346.0,13283.0,2552375.0,9468649.0,194.0,,,,570.0,2867.0,3.0,38278183.0,38015425.0,,3123.0,118572.0,472.0,46.0,8.0,853.0,1744.0,0.0,0.0,,0.0,0.0,0.0,1744.0,0.0,0.0,11060.0,1175.0,532.0,31779.0,74026.0,0.0,0.0,,0.0,0.0,0.0,,,,,,,,,,,,,,,,,,,,,,,,,,,1.3
17600509AR,,,AR,2000,BLACK HILLS ENERGY,ARKANSAS WESTERN GAS CO,,,eia_only,17671155AR,,,0,2,,yes,BLACK HILLS ENERGY,eia:17671155AR,1284981.0,10554457.0,18174.0,688783.0,4650894.0,2245.0,394643.0,2089309.0,37.0,,,,,,,3800986.0,3545891.0,,,,,,,,,,,,,,,,,,,,,,,,,,,,,,,,,,,,,,,,,,,,,,,,,,,,,,,
17600512AR,630,AR,AR,2000,BLACK HILLS ENERGY,ARKANSAS WESTERN GAS CO,SOURCEGAS ARKANSAS INC.,nan,matched,17671155AR,primary,1,1,2,no,yes,BLACK HILLS ENERGY,eia:17671155AR,7879698.0,57444115.0,98519.0,6029112.0,36876128.0,13652.0,2839868.0,14218721.0,192.0,,,,425.0,2600.0,3.0,35579305.0,35529577.0,,3172.0,120104.0,463.0,44.0,8.0,856.0,1801.0,0.0,0.0,,0.0,0.0,0.0,1801.0,0.0,0.0,10761.0,994.0,528.0,31860.0,75961.0,0.0,0.0,,0.0,0.0,0.0,,,,,,,,,,,,,,,,,,,,,,,,,,,0.6
17600509AR,,,AR,2001,BLACK HILLS ENERGY,ARKANSAS WESTERN GAS CO,,,eia_only,17671155AR,,,0,2,,yes,BLACK HILLS ENERGY,eia:17671155AR,1201859.0,16649958.0,17591.0,595493.0,7449876.0,2202.0,426799.0,3869669.0,35.0,,,,,,,2714158.0,2684604.0,,,,,,,,,,,,,,,,,,,,,,,,,,,,,,,,,,,,,,,,,,,,,,,,,,,,,,,
17600512AR,630,AR,AR,2001,BLACK HILLS ENERGY,ARKANSAS WESTERN GAS CO,SOURCEGAS ARKANSAS INC.,nan,matched,17671155AR,primary,1,1,2,no,yes,BLACK HILLS ENERGY,eia:17671155AR,7201495.0,63627965.0,100174.0,5481001.0,42369833.0,13813.0,2052677.0,13106008.0,180.0,,,,134.0,1038.0,3.0,31385964.0,31268712.0,,3233.0,122285.0,460.0,43.0,7.0,857.0,1866.0,0.0,0.0,,0.0,0.0,0.0,1866.0,0.0,0.0,10698.0,918.0,528.0,31936.0,78205.0,0.0,0.0,,0.0,0.0,0.0,,,,,,,,,,,,,,,,,,,,,,,,,,,0.9
17600509AR,,,AR,2002,BLACK HILLS ENERGY,ARKANSAS WESTERN GAS CO,,,eia_only,17671155AR,,,0,2,,yes,BLACK HILLS ENERGY,eia:17671155AR,1223026.0,9854715.0,17286.0,652002.0,4434361.0,2146.0,398477.0,2242897.0,34.0,,,,,,,,2714134.0,,,,,,,,,,,,,,,,,,,,,,,,,,,,,,,,,,,,,,,,,,,,,,,,,,,,,,,
17600512AR,630,AR,AR,2002,BLACK HILLS ENERGY,ARKANSAS WESTERN GAS CO,SOURCEGAS ARKANSAS INC.,nan,matched,17671155AR,primary,1,1,2,no,yes,BLACK HILLS ENERGY,eia:17671155AR,7749528.0,54037776.0,103028.0,5501300.0,32324159.0,14025.0,1110756.0,5557718.0,159.0,,,,114.0,505.0,2.0,29481736.0,29259914.0,,3296.0,124043.0,455.0,41.0,7.0,864.0,1929.0,0.0,0.0,,0.0,0.0,0.0,1929.0,0.0,0.0,10654.0,873.0,530.0,32018.0,79968.0,0.0,0.0,,0.0,0.0,0.0,,,,,,,,,,,,,,,,,,,,,,,,,,,0.9
17600509AR,,,AR,2003,BLACK HILLS ENERGY,ARKANSAS WESTERN GAS CO,,,eia_only,17671155AR,,,0,2,,yes,BLACK HILLS ENERGY,eia:17671155AR,1166129.0,11302028.0,16826.0,608033.0,5233525.0,2088.0,419638.0,3437655.0,34.0,,,,,,,2594581.0,2588917.0,,,,,,,,,,,,,,,,,,,,,,,,,,,,,,,,,,,,,,,,,,,,,,,,,,,,,,,
17600512AR,630,AR,AR,2003,BLACK HILLS ENERGY,ARKANSAS WESTERN GAS CO,SOURCEGAS ARKANSAS INC.,nan,matched,17671155AR,primary,1,1,2,no,yes,BLACK HILLS ENERGY,eia:17671155AR,7754699.0,64322151.0,105603.0,5446430.0,39268431.0,14242.0,830225.0,5654068.0,144.0,,,,60.0,317.0,2.0,32619916.0,32339997.0,,3373.0,126413.0,447.0,37.0,7.0,869.0,2013.0,0.0,0.0,,0.0,0.0,0.0,2013.0,0.0,0.0,10570.0,787.0,530.0,32100.0,82426.0,0.0,0.0,,0.0,0.0,0.0,,,,,,,,,,,,,,,,,,,,,,,,,,,0.8
17671155AR,630,AR,AR,2004,BLACK HILLS ENERGY,BLACK HILLS ENERGY,SOURCEGAS ARKANSAS INC.,nan,matched,,primary,1,1,1,no,yes,BLACK HILLS ENERGY,eia:17671155AR,8472030.0,85850531.0,124797.0,5641870.0,49392508.0,16512.0,1292751.0,10277777.0,174.0,,,,90.0,617.0,2.0,33408072.0,33266883.0,,3992.0,152647.0,442.0,33.0,7.0,1187.0,2321.0,2.0,2.0,,0.0,0.0,0.0,2298.0,0.0,0.0,10512.0,694.0,530.0,44710.0,96201.0,0.0,0.0,,0.0,0.0,0.0,0.0,27.0,182.0,673.0,673.0,483.0,747.0,812.0,395.0,,,3992.0,3751.0,3577.0,16676.0,12789.0,16263.0,19711.0,45441.0,21392.0,13047.0,,,152647.0,,,0.8
17671155AR,630,AR,AR,2005,BLACK HILLS ENERGY,BLACK HILLS ENERGY,SOURCEGAS ARKANSAS INC.,nan,matched,,primary,1,1,1,no,yes,BLACK HILLS ENERGY,eia:17671155AR,8050421.0,104147744.0,127811.0,5116585.0,56913092.0,16769.0,1204103.0,12232972.0,172.0,,,,101.0,1026.0,2.0,30472957.0,30336111.0,,4131.0,156912.0,434.0,31.0,7.0,1203.0,2454.0,2.0,2.0,,0.0,0.0,0.0,2431.0,0.0,0.0,10471.0,622.0,530.0,44660.0,100629.0,0.0,0.0,,0.0,0.0,0.0,0.0,27.0,179.0,670.0,667.0,482.0,746.0,811.0,549.0,,,4131.0,3892.0,3577.0,16676.0,12789.0,16181.0,19687.0,45290.0,21360.0,17460.0,,,156912.0,,,0.07
17671155AR,630,AR,AR,2006,BLACK HILLS ENERGY,BLACK HILLS ENERGY,SOURCEGAS ARKANSAS INC.,nan,matched,,primary,1,1,1,no,yes,BLACK HILLS ENERGY,eia:17671155AR,7436107.0,99636619.0,130800.0,4683031.0,53681157.0,16861.0,1179021.0,11164521.0,170.0,,,,87.0,740.0,2.0,28574791.0,28496578.0,,4266.0,161130.0,428.0,26.0,7.0,1216.0,2587.0,2.0,2.0,,0.0,0.0,0.0,2564.0,0.0,0.0,10470.0,619.0,538.0,44718.0,104785.0,0.0,0.0,,0.0,0.0,0.0,0.0,27.0,177.0,665.0,663.0,481.0,746.0,809.0,698.0,,,4266.0,3892.0,3577.0,16676.0,12788.0,16178.0,19687.0,45289.0,21358.0,21685.0,,,161130.0,,,1.1
17671155AR,630,AR,AR,2007,BLACK HILLS ENERGY,BLACK HILLS ENERGY,SOURCEGAS ARKANSAS INC.,nan,matched,,primary,1,1,1,no,yes,BLACK HILLS ENERGY,eia:17671155AR,8539986.0,101230178.0,133189.0,5123689.0,53603264.0,17040.0,1261584.0,11894120.0,177.0,,,,136.0,1141.0,2.0,30675362.0,30313807.0,,4360.0,164050.0,418.0,22.0,7.0,1211.0,2700.0,2.0,2.0,,0.0,0.0,0.0,2677.0,0.0,0.0,10397.0,345.0,540.0,44668.0,108100.0,0.0,0.0,,0.0,0.0,0.0,0.0,27.0,175.0,656.0,660.0,479.0,744.0,808.0,811.0,,,4360.0,3892.0,3577.0,16675.0,12652.0,15996.0,19351.0,45262.0,21338.0,25307.0,,,164050.0,,,1.1
17671155AR,630,AR,AR,2008,BLACK HILLS ENERGY,BLACK HILLS ENERGY,SOURCEGAS ARKANSAS INC.,nan,matched,,primary,1,1,1,no,yes,BLACK HILLS ENERGY,eia:17671155AR,9319660.0,106378502.0,134160.0,5472363.0,56374204.0,17080.0,1262671.0,11906571.0,209.0,,,,,,,31073489.0,30855388.0,,4378.0,164378.0,415.0,20.0,7.0,1212.0,2722.0,2.0,2.0,,0.0,0.0,0.0,2699.0,0.0,0.0,10363.0,220.0,541.0,44648.0,108606.0,0.0,0.0,,0.0,0.0,0.0,0.0,27.0,174.0,653.0,659.0,478.0,743.0,807.0,837.0,,,4378.0,3892.0,3577.0,16675.0,12607.0,15884.0,19191.0,45253.0,21336.0,25963.0,,,164378.0,,,0.7
17671155AR,630,AR,AR,2009,BLACK HILLS ENERGY,BLACK HILLS ENERGY,SOURCEGAS ARKANSAS INC.,nan,matched,,primary,1,1,1,no,yes,BLACK HILLS ENERGY,eia:17671155AR,8219972.0,86971175.0,136937.0,4745105.0,42848770.0,16888.0,1026207.0,6926920.0,212.0,,,,,,,28683470.0,26618377.0,,4388.0,164019.0,413.0,20.0,7.0,1211.0,2735.0,2.0,2.0,,0.0,0.0,0.0,2711.0,0.0,0.0,10282.0,54.0,541.0,44639.0,108503.0,0.0,0.0,,0.0,0.0,0.0,0.0,27.0,173.0,653.0,659.0,477.0,743.0,807.0,849.0,,,4388.0,3892.0,3577.0,16672.0,12501.0,15752.0,18799.0,45233.0,21329.0,26264.0,,,164019.0,,,0.8
17671155AR,630,AR,AR,2010,BLACK HILLS ENERGY,BLACK HILLS ENERGY,SOURCEGAS ARKANSAS INC.,nan,matched,,primary,1,1,1,no,yes,BLACK HILLS ENERGY,eia:17671155AR,9575423.0,85664947.0,136434.0,5564000.0,42690926.0,16777.0,995403.0,6228266.0,216.0,,,,,,,30384978.0,30576473.0,271966.0,4647.56,164458.0,537.326,20.0,7.0,1317.783,2761.451,4.0,4.0,,0.0,0.0,0.0,2738.451,0.0,0.0,10225.0,54.0,539.0,44436.0,109204.0,0.0,0.0,,0.0,0.0,0.0,106.087,27.0,174.994,694.209,681.625,486.398,754.468,832.042,860.945,29.792,,4647.56,3891.0,3576.0,16656.0,12453.0,15641.0,18658.0,45171.0,21281.0,26242.0,889.0,,164458.0,173.0,41545.0,1.4
17671155AR,630,AR,AR,2011,BLACK HILLS ENERGY,BLACK HILLS ENERGY,SOURCEGAS ARKANSAS INC.,nan,matched,,primary,1,1,1,no,yes,BLACK HILLS ENERGY,eia:17671155AR,9199022.0,83827005.0,136244.0,5362396.0,42046403.0,16800.0,1048881.0,6887590.0,215.0,,,,,,,29058017.0,30247582.0,319741.0,4679.636,164718.0,534.589,20.0,6.719,1322.45,2791.878,4.0,4.0,,0.0,0.0,0.0,2768.878,0.0,0.0,10164.0,54.0,533.0,44323.0,109644.0,0.0,0.0,,0.0,0.0,0.0,108.318,27.0,174.796,692.513,681.396,486.111,753.634,831.873,860.804,63.191,,4679.636,3863.0,3576.0,16653.0,12395.0,15568.0,18577.0,45137.0,21240.0,26224.0,1485.0,,164718.0,173.0,33572.0,0.2
17671155AR,630,AR,AR,2012,BLACK HILLS ENERGY,BLACK HILLS ENERGY,SOURCEGAS ARKANSAS INC.,nan,matched,,primary,1,1,1,no,yes,BLACK HILLS ENERGY,eia:17671155AR,7118663.0,69182208.0,137057.0,4489972.0,34807062.0,16831.0,935629.0,5491904.0,216.0,,,,42.0,501.0,2.0,24648874.0,25000233.0,260493.0,4735.387,165489.0,530.448,20.0,6.632,1333.962,2844.345,0.0,0.0,,0.0,0.0,0.0,2821.345,0.0,0.0,10097.0,54.0,530.0,44167.0,110641.0,0.0,0.0,,0.0,0.0,0.0,101.271,24.966,174.056,687.482,681.085,486.0,753.39,830.691,860.587,135.859,,4735.387,3717.0,3547.0,16644.0,12349.0,15542.0,18547.0,45081.0,21138.0,26197.0,2727.0,,165489.0,263.0,50665.0,0.69
17671155AR,630,AR,AR,2013,BLACK HILLS ENERGY,BLACK HILLS ENERGY,SOURCEGAS ARKANSAS INC.,nan,matched,,primary,1,1,1,no,yes,BLACK HILLS ENERGY,eia:17671155AR,9887094.0,84867340.0,138921.0,5927605.0,43906465.0,16932.0,1031587.0,6446608.0,235.0,,,,161.0,2066.0,2.0,30330095.0,29936695.0,342163.0,4827.746,166717.0,523.844,20.0,5.618,1339.931,2938.353,0.0,0.0,,0.0,0.0,0.0,2915.412,0.0,0.0,9976.0,54.0,516.0,43937.0,112234.0,0.0,0.0,,0.0,0.0,0.0,98.968,24.787,173.431,682.241,679.171,485.14,751.931,829.992,859.18,242.905,,4827.746,3546.0,3475.0,16614.0,12236.0,15444.0,18458.0,44876.0,21024.0,26124.0,4920.0,,166717.0,267.0,55235.0,0.69
17671155AR,630,AR,AR,2014,BLACK HILLS ENERGY,BLACK HILLS ENERGY,SOURCEGAS ARKANSAS INC.,nan,matched,,primary,1,1,1,no,yes,BLACK HILLS ENERGY,eia:17671155AR,10751682.0,92939139.0,140928.0,6466419.0,48761451.0,17104.0,1157801.0,7618579.0,264.0,,,,122.0,1793.0,3.0,32017423.0,31682450.0,356643.0,4895.509,167913.0,513.889,20.0,5.155,1345.934,3010.531,0.0,0.0,,0.0,0.0,0.0,2987.59,0.0,0.0,9732.0,54.0,492.0,43461.0,114174.0,0.0,0.0,,0.0,0.0,0.0,98.075,21.657,168.198,679.739,677.577,483.774,751.18,828.367,858.793,328.149,,4895.509,3349.0,3293.0,16421.0,12212.0,15379.0,18342.0,44624.0,20822.0,26006.0,7465.0,,167913.0,317.0,60250.0,0.88
17671155AR,630,AR,AR,2015,BLACK HILLS ENERGY,BLACK HILLS ENERGY,SOURCEGAS ARKANSAS INC.,Privately Owned,matched,,primary,1,1,1,no,yes,BLACK HILLS ENERGY,eia:17671155AR,9390572.0,101744604.0,143579.0,5833278.0,52807793.0,17268.0,1147806.0,7685155.0,317.0,,,,,,,27383887.0,28952361.0,312808.0,4572.433,171008.0,532.989,20.0,0.0,1059.074,2960.37,0.0,0.0,,0.0,0.0,0.0,2956.819,0.0,0.0,9732.0,54.0,492.0,43468.0,117262.0,0.0,0.0,,0.0,0.0,0.0,593.203,2.347,50.088,313.303,443.588,497.744,453.94,970.32,904.615,343.285,,4572.433,3349.0,3293.0,16421.0,12212.0,15379.0,18342.0,44624.0,20822.0,26006.0,10560.0,,171008.0,385.0,68557.0,0.77
17671155AR,15359,AR,AR,2016,BLACK HILLS ENERGY,BLACK HILLS ENERGY,BLACK HILLS ENERGY,Investor Owned,matched,,primary,1,1,1,no,yes,BLACK HILLS ENERGY,eia:17671155AR,8094217.0,84469930.0,146307.0,5232506.0,41162461.0,17426.0,1110116.0,6324130.0,357.0,,,,11722.0,71538.0,3.0,28930103.0,28610067.0,353610.0,4654.345,173222.0,517.938,10.0,,1069.0,3057.407,,0.0,,,,,3052.048,0.0,1.808,9362.0,20.0,473.0,43037.0,120330.0,,0.0,,,,,584.301,2.377,49.461,316.596,446.111,504.534,434.864,980.517,917.131,418.453,,4654.345,3349.0,3293.0,16421.0,12212.0,15379.0,18342.0,44624.0,20822.0,26006.0,12774.0,,173222.0,899.0,80813.0,0.95
17671155AR,15359,AR,AR,2017,BLACK HILLS ENERGY,BLACK HILLS ENERGY,BLACK HILLS ENERGY,Investor Owned,matched,,primary,1,1,1,no,yes,BLACK HILLS ENERGY,eia:17671155AR,7859453.0,95327087.0,148748.0,5400297.0,48823905.0,17529.0,1265524.0,8344113.0,304.0,,,,13098.0,101378.0,3.0,28954325.0,29078047.0,299221.0,4802.568,177103.0,246.891,0.0,,1336.291,3219.386,,0.0,,,,,3197.765,0.0,18.063,9327.0,20.0,471.0,42971.0,124314.0,,0.0,,,,,587.48,2.258,49.233,304.177,439.849,496.047,432.113,968.318,908.45,614.643,,4802.568,2095.0,3293.0,16419.0,12209.0,15371.0,18249.0,44587.0,20770.0,25960.0,18150.0,,177103.0,517.0,92358.0,2.51
17671155AR,15359,AR,AR,2018,BLACK HILLS ENERGY,BLACK HILLS ENERGY,BLACK HILLS ENERGY,Investor Owned,matched,,primary,1,1,1,no,yes,BLACK HILLS ENERGY,eia:17671155AR,10786978.0,118421385.0,150309.0,6955877.0,59533988.0,17594.0,1432808.0,9585568.0,321.0,,,,13395.0,90742.0,4.0,36469493.0,36636244.0,397036.0,4880.11,179185.0,242.2,0.0,,1347.69,3290.22,0.0,0.0,0.0,0.0,0.0,0.0,3267.72,0.0,18.95,8861.0,19.0,447.0,42111.0,127747.0,0.0,0.0,0.0,0.0,0.0,0.0,588.71,2.26,49.79,299.47,440.18,503.17,431.96,976.28,921.57,666.72,,4880.11,1990.0,3128.0,15348.0,12200.0,15371.0,18249.0,44587.0,20770.0,25960.0,21582.0,,179185.0,454.0,93587.0,0.43
17671155AR,15359,AR,AR,2019,BLACK HILLS ENERGY,BLACK HILLS ENERGY,BLACK HILLS ENERGY,Investor Owned,matched,,primary,1,1,1,no,yes,BLACK HILLS ENERGY,eia:17671155AR,10524705.0,108084491.0,152933.0,6797113.0,53915680.0,17709.0,1492702.0,9115482.0,321.0,,,,28664.0,176914.0,3.0,36660809.0,36533479.0,360309.0,5090.57,182758.0,238.91,0.0,,1379.06,3472.6,0.0,0.0,0.0,0.0,0.0,0.0,3432.91,0.0,36.13,8846.0,19.0,447.0,42035.0,131411.0,0.0,0.0,0.0,0.0,0.0,0.0,586.27,2.37,50.6,304.25,453.6,509.54,434.04,1005.37,949.33,795.2,,5090.57,1892.0,3128.0,15348.0,11246.0,15356.0,18247.0,44587.0,20756.0,25960.0,26238.0,,182758.0,438.0,99944.0,2.83
17671155AR,15359,AR,AR,2020,BLACK HILLS ENERGY,BLACK HILLS ENERGY,BLACK HILLS ENERGY,Investor Owned,matched,,primary,1,1,1,no,yes,BLACK HILLS ENERGY,eia:17671155AR,9562483.0,119569444.0,156309.0,5979726.0,54489083.0,17747.0,1504949.0,9356650.0,328.0,,,,47239.0,294634.0,3.0,35405815.0,34566826.0,447109.0,4972.12,187512.0,218.2,143.899,0.0,1179.091,3430.93,0.0,0.0,0.0,0.0,0.0,0.0,3400.02,0.0,27.42,8697.0,17.0,447.0,41487.0,136864.0,0.0,0.0,0.0,0.0,0.0,0.0,566.04,2.26,47.21,278.18,432.14,488.44,424.52,957.87,897.7,807.94,69.82,4972.12,1061.0,3092.0,15348.0,11242.0,15349.0,18191.0,44580.0,20730.0,25957.0,26229.0,5733.0,187512.0,381.0,101290.0,1.76
17671155AR,15359,AR,AR,2021,BLACK HILLS ENERGY,BLACK HILLS ENERGY,BLACK HILLS ENERGY,Investor Owned,matched,,primary,1,1,1,no,yes,BLACK HILLS ENERGY,eia:17671155AR,10376351.0,139009634.0,159732.0,7042784.0,69876745.0,17840.0,1370482.0,10669321.0,326.0,,,,62027.0,420609.0,4.0,37442557.0,37771307.0,401903.0,5069.851,190609.0,213.0,141.449,0.0,1179.091,3536.311,0.0,0.0,0.0,0.0,0.0,0.0,3505.401,0.0,27.42,8547.0,17.0,447.0,41487.0,140111.0,0.0,0.0,0.0,0.0,0.0,0.0,565.141,2.259,46.395,270.9,430.913,487.07,424.201,956.153,897.535,807.597,181.687,5069.851,711.0,3085.0,15347.0,11221.0,15317.0,18132.0,44556.0,20663.0,25923.0,26193.0,9461.0,190609.0,371.0,109061.0,3.91
17671155AR,15359,AR,AR,2022,BLACK HILLS ENERGY,BLACK HILLS ENERGY,BLACK HILLS ENERGY,Investor Owned,matched,,primary,1,1,1,no,yes,BLACK HILLS ENERGY,eia:17671155AR,10002272.0,183980753.0,162345.0,6664567.0,96549843.0,18040.0,1744889.0,18153546.0,322.0,,,,66247.0,634394.0,4.0,39167391.0,37488735.0,370929.0,5196.503,194295.0,211.365,140.474,0.0,1179.091,3665.573,0.0,0.0,0.0,0.0,0.0,0.0,3635.103,0.0,27.42,8460.0,0.0,437.0,41487.0,143911.0,0.0,0.0,0.0,0.0,0.0,0.0,564.964,1.917,46.395,267.919,429.439,486.299,423.729,956.122,897.5,807.452,314.767,5196.503,311.0,3084.0,15343.0,11206.0,15288.0,18124.0,44490.0,20632.0,25911.0,26171.0,13735.0,194295.0,350.0,104529.0,-1.61
17671155AR,15359,AR,AR,2023,BLACK HILLS ENERGY,BLACK HILLS ENERGY,BLACK HILLS ENERGY,Investor Owned,matched,,primary,1,1,1,no,yes,BLACK HILLS ENERGY,eia:17671155AR,9445904.0,183737979.0,165197.0,6416145.0,90099078.0,18285.0,1369157.0,13249238.0,300.0,,,,67880.0,531816.0,4.0,37427952.0,37770777.0,314434.0,5317.21,196595.0,205.7,0.0,0.0,1179.59,3769.68,0.0,0.0,0.0,0.0,0.0,162.24,3725.74,0.0,40.43,8253.0,0.0,0.0,41456.0,146886.0,0.0,0.0,0.0,0.0,0.0,0.0,564.197,1.327,44.635,265.239,427.089,485.668,422.149,956.026,897.128,807.302,446.45,5317.21,305.0,3080.0,15343.0,11178.0,15247.0,18101.0,44446.0,20523.0,25889.0,26137.0,16346.0,196595.0,352.0,111134.0,1.66
17671155AR,15359,AR,AR,2024,BLACK HILLS ENERGY,BLACK HILLS ENERGY,BLACK HILLS ENERGY,Investor Owned,matched,,primary,1,1,1,no,yes,BLACK HILLS ENERGY,eia:17671155AR,8970832.0,166804846.0,167826.0,6246643.0,77235615.0,18506.0,1352105.0,10509354.0,307.0,,,,61673.0,401115.0,4.0,35880070.0,35806002.0,303139.0,5220.545,199366.0,156.35,0.0,0.0,1149.9,3796.08,0.0,0.0,0.0,0.0,0.0,118.215,3792.57,0.0,0.0,8064.0,0.0,0.0,41416.0,149886.0,0.0,0.0,0.0,0.0,0.0,0.0,391.182,1.327,44.305,263.119,426.719,485.448,422.069,955.606,897.068,807.242,526.46,5220.545,0.0,2864.0,15339.0,11164.0,15212.0,18084.0,44421.0,20496.0,25880.0,26115.0,19791.0,199366.0,326.0,115421.0,1.53
17671155AR,15359,AR,AR,2025,BLACK HILLS ENERGY,BLACK HILLS ENERGY,BLACK HILLS ENERGY,Investor Owned,matched,,primary,1,1,1,no,yes,BLACK HILLS ENERGY,eia:17671155AR,,,,,,,,,,,,,,,,,,,5247.508,202202.0,273.95,0.0,0.0,1042.208,3887.246,0.0,0.0,0.0,0.0,0.0,44.104,3883.736,0.0,0.0,8060.0,0.0,0.0,41151.0,152991.0,0.0,0.0,0.0,0.0,0.0,0.0,328.305,1.277,42.395,260.519,425.619,485.328,420.329,955.236,895.978,807.132,625.39,5247.508,0.0,2328.0,15334.0,11137.0,15173.0,18069.0,44385.0,20460.0,25860.0,26073.0,23383.0,202202.0,321.0,113545.0,0.65
,3339,AR,AR,1997,DEVALLS BLUFF GAS SYSTEM,,DEVALLS BLUFF GAS SYSTEM,nan,phmsa_only,,primary,1,1,0,no,yes,DEVALLS BLUFF NATURAL GAS SYSTEM,geo:DEVALLS BLUFF NATURAL GAS SYSTEM|AR,,,,,,,,,,,,,,,,,,,16.0,345.0,0.0,0.0,0.0,0.0,16.0,0.0,0.0,,0.0,0.0,0.0,16.0,0.0,0.0,0.0,0.0,0.0,0.0,345.0,0.0,0.0,,0.0,0.0,0.0,,,,,,,,,,,,,,,,,,,,,,,,,,,6.9
,3339,AR,AR,1998,DEVALLS BLUFF GAS SYSTEM,,DEVALLS BLUFF GAS SYSTEM,nan,phmsa_only,,primary,1,1,0,no,yes,DEVALLS BLUFF NATURAL GAS SYSTEM,geo:DEVALLS BLUFF NATURAL GAS SYSTEM|AR,,,,,,,,,,,,,,,,,,,16.0,298.0,0.0,0.0,0.0,0.0,16.0,0.0,0.0,,0.0,0.0,0.0,16.0,0.0,0.0,0.0,0.0,0.0,0.0,298.0,0.0,0.0,,0.0,0.0,0.0,,,,,,,,,,,,,,,,,,,,,,,,,,,12.0
,3339,AR,AR,1999,DEVALLS BLUFF GAS SYSTEM,,DEVALLS BLUFF GAS SYSTEM,nan,phmsa_only,,primary,1,1,0,no,yes,DEVALLS BLUFF NATURAL GAS SYSTEM,geo:DEVALLS BLUFF NATURAL GAS SYSTEM|AR,,,,,,,,,,,,,,,,,,,16.0,273.0,0.0,0.0,0.0,0.0,16.0,0.0,0.0,,0.0,0.0,0.0,16.0,0.0,0.0,0.0,0.0,0.0,0.0,273.0,0.0,0.0,,0.0,0.0,0.0,,,,,,,,,,,,,,,,,,,,,,,,,,,16.0
,3339,AR,AR,2000,DEVALLS BLUFF GAS SYSTEM,,DEVALLS BLUFF GAS SYSTEM,nan,phmsa_only,,primary,1,1,0,no,yes,DEVALLS BLUFF NATURAL GAS SYSTEM,geo:DEVALLS BLUFF NATURAL GAS SYSTEM|AR,,,,,,,,,,,,,,,,,,,16.0,291.0,0.0,0.0,0.0,0.0,16.0,0.0,0.0,,0.0,0.0,0.0,16.0,0.0,0.0,0.0,0.0,0.0,0.0,291.0,0.0,0.0,,0.0,0.0,0.0,,,,,,,,,,,,,,,,,,,,,,,,,,,
,3339,AR,AR,2001,DEVALLS BLUFF GAS SYSTEM,,DEVALLS BLUFF GAS SYSTEM,nan,phmsa_only,,primary,1,1,0,no,yes,DEVALLS BLUFF NATURAL GAS SYSTEM,geo:DEVALLS BLUFF NATURAL GAS SYSTEM|AR,,,,,,,,,,,,,,,,,,,16.0,263.0,0.0,0.0,0.0,0.0,16.0,0.0,0.0,,0.0,0.0,0.0,16.0,0.0,0.0,0.0,0.0,0.0,0.0,263.0,0.0,0.0,,0.0,0.0,0.0,,,,,,,,,,,,,,,,,,,,,,,,,,,10.53
,3339,AR,AR,2002,DEVALLS BLUFF GAS SYSTEM,,DEVALLS BLUFF GAS SYSTEM,nan,phmsa_only,,primary,1,1,0,no,yes,DEVALLS BLUFF NATURAL GAS SYSTEM,geo:DEVALLS BLUFF NATURAL GAS SYSTEM|AR,,,,,,,,,,,,,,,,,,,16.0,380.0,0.0,0.0,0.0,0.0,16.0,0.0,0.0,,0.0,0.0,0.0,16.0,0.0,0.0,0.0,0.0,0.0,0.0,380.0,0.0,0.0,,0.0,0.0,0.0,,,,,,,,,,,,,,,,,,,,,,,,,,,0.56
,3339,AR,AR,2003,DEVALLS BLUFF GAS SYSTEM,,DEVALLS BLUFF GAS SYSTEM,nan,phmsa_only,,primary,1,1,0,no,yes,DEVALLS BLUFF NATURAL GAS SYSTEM,geo:DEVALLS BLUFF NATURAL GAS SYSTEM|AR,,,,,,,,,,,,,,,,,,,16.0,272.0,0.0,0.0,0.0,0.0,16.0,0.0,0.0,,0.0,0.0,0.0,16.0,0.0,0.0,0.0,0.0,0.0,0.0,272.0,0.0,0.0,,0.0,0.0,0.0,,,,,,,,,,,,,,,,,,,,,,,,,,,2.85
,3339,AR,AR,2004,DEVALLS BLUFF GAS SYSTEM,,DEVALLS BLUFF GAS SYSTEM,nan,phmsa_only,,primary,1,1,0,no,yes,DEVALLS BLUFF NATURAL GAS SYSTEM,geo:DEVALLS BLUFF NATURAL GAS SYSTEM|AR,,,,,,,,,,,,,,,,,,,16.0,291.0,0.0,0.0,0.0,0.0,16.0,0.0,0.0,,0.0,0.0,0.0,16.0,0.0,0.0,0.0,0.0,0.0,0.0,291.0,0.0,0.0,,0.0,0.0,0.0,0.0,0.0,0.0,0.0,0.0,0.0,16.0,0.0,0.0,,,16.0,0.0,0.0,0.0,0.0,0.0,0.0,240.0,45.0,6.0,,,291.0,,,5.6
,3339,AR,AR,2005,DEVALLS BLUFF GAS SYSTEM,,DEVALLS BLUFF GAS SYSTEM,nan,phmsa_only,,primary,1,1,0,no,yes,DEVALLS BLUFF NATURAL GAS SYSTEM,geo:DEVALLS BLUFF NATURAL GAS SYSTEM|AR,,,,,,,,,,,,,,,,,,,16.0,291.0,0.0,0.0,0.0,0.0,16.0,0.0,0.0,,0.0,0.0,0.0,16.0,0.0,0.0,0.0,0.0,0.0,0.0,291.0,0.0,0.0,,0.0,0.0,0.0,0.0,0.0,0.0,0.0,0.0,0.0,16.0,0.0,0.0,,,16.0,0.0,0.0,0.0,0.0,0.0,0.0,240.0,45.0,6.0,,,291.0,,,5.61
,3339,AR,AR,2006,DEVALLS BLUFF GAS SYSTEM,,DEVALLS BLUFF GAS SYSTEM,nan,phmsa_only,,primary,1,1,0,no,yes,DEVALLS BLUFF NATURAL GAS SYSTEM,geo:DEVALLS BLUFF NATURAL GAS SYSTEM|AR,,,,,,,,,,,,,,,,,,,16.0,291.0,0.0,0.0,0.0,0.0,16.0,0.0,0.0,,0.0,0.0,0.0,16.0,0.0,0.0,0.0,0.0,0.0,0.0,291.0,0.0,0.0,,0.0,0.0,0.0,0.0,0.0,0.0,0.0,0.0,0.0,16.0,0.0,0.0,,,16.0,0.0,0.0,0.0,0.0,0.0,0.0,240.0,45.0,6.0,,,291.0,,,9.99
,3339,AR,AR,2007,DEVALLS BLUFF GAS SYSTEM,,DEVALLS BLUFF GAS SYSTEM,nan,phmsa_only,,primary,1,1,0,no,yes,DEVALLS BLUFF NATURAL GAS SYSTEM,geo:DEVALLS BLUFF NATURAL GAS SYSTEM|AR,,,,,,,,,,,,,,,,,,,16.0,291.0,0.0,0.0,0.0,0.0,16.0,0.0,0.0,,0.0,0.0,0.0,16.0,0.0,0.0,0.0,0.0,0.0,0.0,291.0,0.0,0.0,,0.0,0.0,0.0,0.0,0.0,0.0,0.0,0.0,0.0,16.0,0.0,0.0,,,16.0,0.0,0.0,0.0,0.0,0.0,0.0,240.0,45.0,6.0,,,291.0,,,7.82
,3339,AR,AR,2008,DEVALLS BLUFF GAS SYSTEM,,DEVALLS BLUFF GAS SYSTEM,nan,phmsa_only,,primary,1,1,0,no,yes,DEVALLS BLUFF NATURAL GAS SYSTEM,geo:DEVALLS BLUFF NATURAL GAS SYSTEM|AR,,,,,,,,,,,,,,,,,,,16.0,291.0,0.0,0.0,0.0,0.0,16.0,0.0,0.0,,0.0,0.0,0.0,16.0,0.0,0.0,0.0,0.0,0.0,0.0,291.0,0.0,0.0,,0.0,0.0,0.0,0.0,0.0,0.0,0.0,0.0,0.0,16.0,0.0,0.0,,,16.0,0.0,0.0,0.0,0.0,0.0,0.0,240.0,45.0,6.0,,,291.0,,,5.75
,3339,AR,AR,2009,DEVALLS BLUFF GAS SYSTEM,,DEVALLS BLUFF GAS SYSTEM,nan,phmsa_only,,primary,1,1,0,no,yes,DEVALLS BLUFF NATURAL GAS SYSTEM,geo:DEVALLS BLUFF NATURAL GAS SYSTEM|AR,,,,,,,,,,,,,,,,,,,16.0,291.0,0.0,0.0,0.0,0.0,16.0,0.0,0.0,,0.0,0.0,0.0,16.0,0.0,0.0,0.0,0.0,0.0,0.0,291.0,0.0,0.0,,0.0,0.0,0.0,0.0,0.0,0.0,0.0,0.0,0.0,16.0,0.0,0.0,,,16.0,0.0,0.0,0.0,0.0,0.0,0.0,240.0,45.0,6.0,,,291.0,,,0.0
,3339,AR,AR,2010,DEVALLS BLUFF GAS SYSTEM,,DEVALLS BLUFF GAS SYSTEM,nan,phmsa_only,,primary,1,1,0,no,yes,DEVALLS BLUFF NATURAL GAS SYSTEM,geo:DEVALLS BLUFF NATURAL GAS SYSTEM|AR,,,,,,,,,,,,,,,,,,,16.0,291.0,0.0,0.0,0.0,0.0,16.0,0.0,0.0,,0.0,0.0,0.0,16.0,0.0,0.0,0.0,0.0,0.0,0.0,291.0,0.0,0.0,,0.0,0.0,0.0,0.0,0.0,0.0,0.0,0.0,0.0,16.0,0.0,0.0,0.0,,16.0,0.0,0.0,0.0,0.0,0.0,0.0,240.0,45.0,6.0,0.0,,291.0,0.0,0.0,9.81
,3339,AR,AR,2011,DEVALLS BLUFF GAS SYSTEM,,DEVALLS BLUFF GAS SYSTEM,nan,phmsa_only,,primary,1,1,0,no,yes,DEVALLS BLUFF NATURAL GAS SYSTEM,geo:DEVALLS BLUFF NATURAL GAS SYSTEM|AR,,,,,,,,,,,,,,,,,,,16.0,293.0,0.0,0.0,0.0,0.0,16.0,0.0,0.0,,0.0,0.0,0.0,16.0,0.0,0.0,0.0,0.0,0.0,0.0,293.0,0.0,0.0,,0.0,0.0,0.0,0.0,0.0,0.0,0.0,0.0,0.0,16.0,0.0,0.0,0.0,,16.0,0.0,0.0,0.0,0.0,0.0,0.0,240.0,45.0,6.0,2.0,,293.0,0.0,0.0,5.4
,3339,AR,AR,2012,DEVALLS BLUFF GAS SYSTEM,,DEVALLS BLUFF GAS SYSTEM,nan,phmsa_only,,primary,1,1,0,no,yes,DEVALLS BLUFF NATURAL GAS SYSTEM,geo:DEVALLS BLUFF NATURAL GAS SYSTEM|AR,,,,,,,,,,,,,,,,,,,16.0,252.0,0.0,0.0,0.0,0.0,16.0,,0.0,,0.0,0.0,0.0,16.0,0.0,0.0,0.0,0.0,0.0,0.0,252.0,,0.0,,0.0,0.0,0.0,0.0,0.0,0.0,0.0,0.0,0.0,16.0,0.0,0.0,0.0,,16.0,0.0,0.0,0.0,0.0,0.0,0.0,204.0,40.0,6.0,2.0,,252.0,0.0,0.0,11.0
,3339,AR,AR,2013,DEVALLS BLUFF GAS SYSTEM,,DEVALLS BLUFF GAS SYSTEM,nan,phmsa_only,,primary,1,1,0,no,yes,DEVALLS BLUFF NATURAL GAS SYSTEM,geo:DEVALLS BLUFF NATURAL GAS SYSTEM|AR,,,,,,,,,,,,,,,,,,,16.0,252.0,0.0,0.0,0.0,0.0,16.0,0.0,0.0,,0.0,0.0,0.0,16.0,0.0,0.0,0.0,0.0,0.0,0.0,252.0,0.0,0.0,,0.0,0.0,0.0,0.0,0.0,0.0,0.0,0.0,0.0,16.0,0.0,0.0,0.0,,16.0,0.0,0.0,0.0,0.0,0.0,0.0,204.0,40.0,6.0,2.0,,252.0,0.0,0.0,2.8
,3339,AR,AR,2014,DEVALLS BLUFF GAS SYSTEM,,DEVALLS BLUFF GAS SYSTEM,nan,phmsa_only,,primary,1,1,0,no,yes,DEVALLS BLUFF NATURAL GAS SYSTEM,geo:DEVALLS BLUFF NATURAL GAS SYSTEM|AR,,,,,,,,,,,,,,,,,,,16.0,245.0,0.0,0.0,0.0,0.0,16.0,0.0,0.0,,0.0,0.0,0.0,16.0,0.0,0.0,0.0,0.0,0.0,0.0,245.0,0.0,0.0,,0.0,0.0,0.0,0.0,0.0,0.0,0.0,0.0,0.0,16.0,0.0,0.0,0.0,,16.0,0.0,0.0,0.0,0.0,0.0,0.0,204.0,33.0,6.0,2.0,,245.0,1.0,1.0,29.0
,3339,AR,AR,2015,DEVALLS BLUFF GAS SYSTEM,,DEVALLS BLUFF GAS SYSTEM,Municipal Owned,phmsa_only,,primary,1,1,0,no,yes,DEVALLS BLUFF NATURAL GAS SYSTEM,geo:DEVALLS BLUFF NATURAL GAS SYSTEM|AR,,,,,,,,,,,,,,,,,,,16.0,245.0,0.0,0.0,0.0,0.0,16.0,0.0,0.0,0.0,0.0,0.0,0.0,16.0,0.0,0.0,0.0,0.0,0.0,0.0,245.0,0.0,0.0,0.0,0.0,0.0,0.0,0.0,0.0,0.0,0.0,0.0,0.0,16.0,0.0,0.0,0.0,,16.0,0.0,0.0,0.0,0.0,0.0,0.0,204.0,33.0,6.0,2.0,,245.0,0.0,0.0,6.0
,3339,AR,AR,2016,DEVALLS BLUFF GAS SYSTEM,,DEVALLS BLUFF GAS SYSTEM,Municipal Owned,phmsa_only,,primary,1,1,0,no,yes,DEVALLS BLUFF NATURAL GAS SYSTEM,geo:DEVALLS BLUFF NATURAL GAS SYSTEM|AR,,,,,,,,,,,,,,,,,,,16.0,244.0,0.0,0.0,0.0,0.0,16.0,0.0,0.0,0.0,0.0,0.0,0.0,16.0,0.0,0.0,0.0,0.0,0.0,0.0,244.0,0.0,0.0,0.0,0.0,0.0,0.0,0.0,0.0,0.0,0.0,0.0,0.0,16.0,0.0,0.0,0.0,,16.0,0.0,0.0,0.0,0.0,0.0,0.0,204.0,33.0,6.0,2.0,,245.0,0.0,0.0,2.5
,3339,AR,AR,2017,DEVALLS BLUFF GAS SYSTEM,,DEVALLS BLUFF GAS SYSTEM,Municipal Owned,phmsa_only,,primary,1,1,0,no,yes,DEVALLS BLUFF NATURAL GAS SYSTEM,geo:DEVALLS BLUFF NATURAL GAS SYSTEM|AR,,,,,,,,,,,,,,,,,,,16.0,167.0,0.0,0.0,0.0,0.0,16.0,0.0,0.0,0.0,0.0,0.0,0.0,16.0,0.0,0.0,0.0,0.0,0.0,0.0,167.0,0.0,0.0,0.0,0.0,0.0,0.0,0.0,0.0,0.0,0.0,0.0,0.0,16.0,0.0,0.0,0.0,,16.0,0.0,0.0,0.0,0.0,0.0,0.0,159.0,0.0,6.0,2.0,,167.0,0.0,0.0,2.5
,3339,AR,AR,2018,DEVALLS BLUFF GAS SYSTEM,,DEVALLS BLUFF GAS SYSTEM,Municipal Owned,phmsa_only,,primary,1,1,0,no,yes,DEVALLS BLUFF NATURAL GAS SYSTEM,geo:DEVALLS BLUFF NATURAL GAS SYSTEM|AR,,,,,,,,,,,,,,,,,,,16.0,170.0,0.0,0.0,0.0,0.0,16.0,0.0,0.0,0.0,0.0,0.0,0.0,16.0,0.0,0.0,0.0,0.0,0.0,0.0,170.0,0.0,0.0,0.0,0.0,0.0,0.0,0.0,0.0,0.0,0.0,0.0,0.0,16.0,0.0,0.0,0.0,,16.0,0.0,0.0,0.0,0.0,0.0,0.0,159.0,0.0,6.0,5.0,,170.0,3.0,76.0,5.4
,3339,AR,AR,2019,DEVALLS BLUFF GAS SYSTEM,,DEVALLS BLUFF GAS SYSTEM,Municipal Owned,phmsa_only,,primary,1,1,0,no,yes,DEVALLS BLUFF NATURAL GAS SYSTEM,geo:DEVALLS BLUFF NATURAL GAS SYSTEM|AR,,,,,,,,,,,,,,,,,,,16.0,170.0,0.0,0.0,0.0,0.0,16.0,0.0,0.0,0.0,0.0,0.0,0.0,16.0,0.0,0.0,0.0,0.0,0.0,0.0,170.0,0.0,0.0,0.0,0.0,0.0,0.0,0.0,0.0,0.0,0.0,0.0,0.0,16.0,0.0,0.0,0.0,,16.0,0.0,0.0,0.0,0.0,0.0,0.0,159.0,0.0,6.0,5.0,,170.0,1.0,99.0,4.7
,3339,AR,AR,2020,DEVALLS BLUFF GAS SYSTEM,,DEVALLS BLUFF GAS SYSTEM,Municipal Owned,phmsa_only,,primary,1,1,0,no,yes,DEVALLS BLUFF NATURAL GAS SYSTEM,geo:DEVALLS BLUFF NATURAL GAS SYSTEM|AR,,,,,,,,,,,,,,,,,,,16.0,172.0,0.0,0.0,0.0,0.0,16.0,0.0,0.0,0.0,0.0,0.0,0.0,16.0,0.0,0.0,0.0,0.0,0.0,0.0,172.0,0.0,0.0,0.0,0.0,0.0,0.0,0.0,0.0,0.0,0.0,0.0,0.0,16.0,0.0,0.0,0.0,0.0,16.0,0.0,0.0,0.0,0.0,0.0,0.0,159.0,0.0,6.0,7.0,0.0,172.0,0.0,48.0,8.1
,3339,AR,AR,2021,DEVALLS BLUFF GAS SYSTEM,,DEVALLS BLUFF GAS SYSTEM,Municipal Owned,phmsa_only,,primary,1,1,0,no,yes,DEVALLS BLUFF NATURAL GAS SYSTEM,geo:DEVALLS BLUFF NATURAL GAS SYSTEM|AR,,,,,,,,,,,,,,,,,,,16.0,172.0,0.0,0.0,0.0,0.0,16.0,0.0,0.0,0.0,0.0,0.0,0.0,16.0,0.0,0.0,0.0,0.0,0.0,0.0,172.0,0.0,0.0,0.0,0.0,0.0,0.0,0.0,0.0,0.0,0.0,0.0,0.0,16.0,0.0,0.0,0.0,0.0,16.0,0.0,0.0,0.0,0.0,0.0,0.0,159.0,0.0,6.0,7.0,0.0,172.0,0.0,48.0,7.9
,3339,AR,AR,2022,DEVALLS BLUFF GAS SYSTEM,,DEVALLS BLUFF GAS SYSTEM,Municipal Owned,phmsa_only,,primary,1,1,0,no,yes,DEVALLS BLUFF NATURAL GAS SYSTEM,geo:DEVALLS BLUFF NATURAL GAS SYSTEM|AR,,,,,,,,,,,,,,,,,,,16.0,172.0,,,,,16.0,0.0,0.0,0.0,0.0,0.0,0.0,16.0,0.0,0.0,,,,,172.0,0.0,0.0,0.0,0.0,0.0,0.0,0.0,0.0,0.0,0.0,0.0,0.0,16.0,0.0,0.0,0.0,0.0,16.0,0.0,0.0,0.0,0.0,0.0,0.0,159.0,0.0,6.0,7.0,0.0,172.0,0.0,48.0,7.3
,3339,AR,AR,2023,DEVALLS BLUFF GAS SYSTEM,,DEVALLS BLUFF GAS SYSTEM,Municipal Owned,phmsa_only,,primary,1,1,0,no,yes,DEVALLS BLUFF NATURAL GAS SYSTEM,geo:DEVALLS BLUFF NATURAL GAS SYSTEM|AR,,,,,,,,,,,,,,,,,,,16.0,172.0,0.0,0.0,0.0,0.0,16.0,0.0,0.0,0.0,0.0,0.0,0.0,16.0,0.0,0.0,0.0,0.0,0.0,0.0,172.0,0.0,0.0,0.0,0.0,0.0,0.0,0.0,0.0,0.0,0.0,0.0,0.0,16.0,0.0,0.0,0.0,0.0,16.0,0.0,0.0,0.0,0.0,0.0,0.0,159.0,0.0,6.0,7.0,0.0,172.0,0.0,48.0,7.4
,3339,AR,AR,2024,DEVALLS BLUFF GAS SYSTEM,,DEVALLS BLUFF GAS SYSTEM,Municipal Owned,phmsa_only,,primary,1,1,0,no,yes,DEVALLS BLUFF NATURAL GAS SYSTEM,geo:DEVALLS BLUFF NATURAL GAS SYSTEM|AR,,,,,,,,,,,,,,,,,,,16.0,172.0,0.0,0.0,0.0,0.0,16.0,0.0,0.0,0.0,0.0,0.0,0.0,16.0,0.0,0.0,0.0,0.0,0.0,0.0,172.0,0.0,0.0,0.0,0.0,0.0,0.0,0.0,0.0,0.0,0.0,0.0,0.0,16.0,0.0,0.0,0.0,0.0,16.0,0.0,0.0,0.0,0.0,0.0,0.0,159.0,0.0,6.0,7.0,0.0,172.0,0.0,122.0,3.4
,3339,AR,AR,2025,DEVALLS BLUFF GAS SYSTEM,,DEVALLS BLUFF GAS SYSTEM,Privately Owned,phmsa_only,,primary,1,1,0,no,yes,DEVALLS BLUFF NATURAL GAS SYSTEM,geo:DEVALLS BLUFF NATURAL GAS SYSTEM|AR,,,,,,,,,,,,,,,,,,,16.0,172.0,0.0,0.0,0.0,0.0,16.0,0.0,0.0,0.0,0.0,0.0,0.0,16.0,0.0,0.0,0.0,0.0,0.0,0.0,172.0,0.0,0.0,0.0,0.0,0.0,0.0,0.0,0.0,0.0,0.0,0.0,0.0,16.0,0.0,0.0,0.0,0.0,16.0,0.0,0.0,0.0,0.0,0.0,0.0,159.0,0.0,6.0,7.0,0.0,172.0,0.0,144.0,3.8
17619002AR,7095,AR,AR,1997,HARRISBURG WTR GAS DIV,HARRISBURG WTR GAS DIV,HARRISBURG WATER & GAS DIV,nan,matched,,additional,2,1,1,no,yes,HARRISBURG WATER AND GAS,eia:17619002AR,,,,,,,,,,,,,,,,,,,88.0,1477.0,0.0,0.0,0.0,48.0,15.0,0.0,0.0,,0.0,0.0,25.0,25.0,0.0,0.0,0.0,0.0,0.0,1173.0,40.0,0.0,0.0,,0.0,0.0,264.0,,,,,,,,,,,,,,,,,,,,,,,,,,,9.0
17619002AR,7095,AR,AR,1997,HARRISBURG WTR GAS DIV,HARRISBURG WTR GAS DIV,HARRISBURG WATER & GAS DIV,nan,matched,,primary,2,1,1,no,yes,HARRISBURG WATER AND GAS,eia:17619002AR,103367.0,656329.0,1279.0,37157.0,226423.0,50.0,,,,,,,,,,156566.0,140524.0,,88.0,1477.0,0.0,0.0,0.0,48.0,15.0,0.0,0.0,,0.0,0.0,25.0,25.0,0.0,0.0,0.0,0.0,0.0,1173.0,40.0,0.0,0.0,,0.0,0.0,264.0,,,,,,,,,,,,,,,,,,,,,,,,,,,9.0
17619002AR,7095,AR,AR,1998,HARRISBURG WTR GAS DIV,HARRISBURG WTR GAS DIV,HARRISBURG WATER & GAS DIV,nan,matched,,primary,1,1,1,no,yes,HARRISBURG WATER AND GAS,eia:17619002AR,88883.0,612727.0,1331.0,28341.0,167145.0,61.0,,,,,,,,,,131587.0,117224.0,,107.0,1598.0,0.0,0.0,0.0,48.0,14.0,0.0,0.0,,0.0,0.0,45.0,45.0,0.0,0.0,0.0,0.0,0.0,1173.0,40.0,0.0,0.0,,0.0,0.0,385.0,,,,,,,,,,,,,,,,,,,,,,,,,,,10.7
17619002AR,7095,AR,AR,1999,HARRISBURG WTR GAS DIV,HARRISBURG WTR GAS DIV,HARRISBURG WATER & GAS DIV,nan,matched,,primary,1,1,1,no,yes,HARRISBURG WATER AND GAS,eia:17619002AR,65019.0,471740.0,1268.0,58290.0,356644.0,157.0,11078.0,75884.0,77.0,,,,,,,145277.0,134387.0,,113.0,1684.0,0.0,0.0,0.0,48.0,14.0,0.0,0.0,,0.0,0.0,51.0,51.0,0.0,0.0,0.0,0.0,0.0,1173.0,37.0,0.0,0.0,,0.0,0.0,474.0,,,,,,,,,,,,,,,,,,,,,,,,,,,8.02
17619002AR,7095,AR,AR,2000,HARRISBURG WTR GAS DIV,HARRISBURG WTR GAS DIV,HARRISBURG WATER & GAS DIV,nan,matched,,primary,1,1,1,no,yes,HARRISBURG WATER AND GAS,eia:17619002AR,73525.0,559941.0,1322.0,29364.0,197928.0,148.0,50719.0,367922.0,98.0,,,,,,,172593.0,153608.0,,133.0,1843.0,0.0,0.0,0.0,48.0,14.0,0.0,0.0,,0.0,0.0,71.0,71.0,0.0,0.0,0.0,0.0,0.0,1201.0,37.0,0.0,0.0,,0.0,0.0,605.0,,,,,,,,,,,,,,,,,,,,,,,,,,,8.2
17619002AR,7095,AR,AR,2001,HARRISBURG WTR GAS DIV,HARRISBURG WTR GAS DIV,HARRISBURG WATER & GAS DIV,nan,matched,,primary,1,1,1,no,yes,HARRISBURG WATER AND GAS,eia:17619002AR,,,,,,,,,,,,,,,,,,,139.0,1913.0,0.0,0.0,0.0,48.0,20.0,0.0,0.0,,0.0,0.0,71.0,77.0,0.0,0.0,0.0,0.0,0.0,1201.0,107.0,0.0,0.0,,0.0,0.0,605.0,,,,,,,,,,,,,,,,,,,,,,,,,,,10.4
17619002AR,7095,AR,AR,2002,HARRISBURG WTR GAS DIV,HARRISBURG WTR GAS DIV,HARRISBURG WATER & GAS DIV,nan,matched,,primary,1,1,1,no,yes,HARRISBURG WATER AND GAS,eia:17619002AR,75401.0,711094.0,1412.0,40294.0,333386.0,108.0,30775.0,248664.0,152.0,,,,,,,160224.0,146470.0,,141.0,1920.0,0.0,0.0,0.0,48.0,12.0,0.0,0.0,,0.0,0.0,0.0,81.0,0.0,0.0,0.0,0.0,0.0,1201.0,30.0,0.0,0.0,,0.0,0.0,0.0,,,,,,,,,,,,,,,,,,,,,,,,,,,10.3
17619002AR,7095,AR,AR,2003,HARRISBURG WTR GAS DIV,HARRISBURG WTR GAS DIV,HARRISBURG WATER & GAS DIV,nan,matched,,primary,1,1,1,no,yes,HARRISBURG WATER AND GAS,eia:17619002AR,78419.0,986398.0,1447.0,46743.0,533306.0,139.0,10888.0,126283.0,109.0,,,,,,,147531.0,136050.0,,143.0,1953.0,0.0,0.0,0.0,48.0,12.0,0.0,0.0,,0.0,0.0,83.0,83.0,0.0,0.0,0.0,0.0,0.0,1201.0,30.0,0.0,0.0,,0.0,0.0,722.0,,,,,,,,,,,,,,,,,,,,,,,,,,,10.8
17619002AR,7095,AR,AR,2004,HARRISBURG WTR GAS DIV,HARRISBURG WTR GAS DIV,HARRISBURG WATER & GAS DIV,nan,matched,,primary,1,1,1,no,yes,HARRISBURG WATER AND GAS,eia:17619002AR,65778.0,833308.0,1443.0,21933.0,277843.0,135.0,19586.0,232865.0,105.0,,,,,,,118443.0,107297.0,,145.2,2072.0,0.0,0.0,0.0,47.9,10.0,0.0,0.0,,0.0,0.0,87.3,87.27,0.0,0.0,0.0,0.0,0.0,1201.0,20.0,0.0,0.0,,0.0,0.0,851.0,97.7,0.0,0.0,0.0,0.0,0.0,0.0,15.1,32.4,,,145.2,1490.0,0.0,0.0,0.0,0.0,0.0,0.0,194.0,388.0,,,2072.0,,,9.0
17619002AR,7095,AR,AR,2005,HARRISBURG WTR GAS DIV,HARRISBURG WTR GAS DIV,HARRISBURG WATER & GAS DIV,nan,matched,,primary,1,1,1,no,yes,HARRISBURG WATER AND GAS,eia:17619002AR,68150.0,1136604.0,1354.0,25472.0,389408.0,131.0,13868.0,236453.0,100.0,,,,,,,104792.0,107490.0,,145.2,2084.0,0.0,0.0,0.0,47.9,7.0,0.0,0.0,,0.0,0.0,0.0,90.3,0.0,0.0,0.0,0.0,0.0,1200.0,20.0,0.0,0.0,,0.0,0.0,0.0,97.7,0.0,0.0,0.0,0.0,0.0,0.0,15.1,32.4,,,145.2,1490.0,0.0,0.0,0.0,0.0,0.0,0.0,194.0,400.0,,,2084.0,,,8.1
17619002AR,7095,AR,AR,2006,HARRISBURG WTR GAS DIV,HARRISBURG WTR GAS DIV,HARRISBURG WATER & GAS DIV,nan,matched,,primary,1,1,1,no,yes,HARRISBURG WATER AND GAS,eia:17619002AR,54221.0,919545.0,1364.0,19696.0,304618.0,137.0,14552.0,183679.0,108.0,,,,,,,88348.0,88469.0,,145.2,2086.0,0.0,0.0,0.0,47.9,6.9,0.0,0.0,,0.0,0.0,90.4,90.4,0.0,0.0,0.0,0.0,0.0,1197.0,20.0,0.0,0.0,,0.0,0.0,869.0,97.7,0.0,0.0,0.0,0.0,0.0,0.0,15.1,32.4,,,145.2,1490.0,0.0,0.0,0.0,0.0,0.0,0.0,194.0,402.0,,,2086.0,,,8.95
17619002AR,7095,AR,AR,2007,HARRISBURG WTR GAS DIV,HARRISBURG WTR GAS DIV,HARRISBURG WATER & GAS DIV,nan,matched,,primary,1,1,1,no,yes,HARRISBURG WATER AND GAS,eia:17619002AR,56294.0,910150.0,1303.0,20785.0,306881.0,128.0,8022.0,113569.0,107.0,,,,,,,87974.0,85101.0,,145.7,2102.0,0.0,0.0,0.0,47.9,6.4,0.0,0.0,,0.0,0.0,91.4,91.4,0.0,0.0,0.0,0.0,0.0,1197.0,20.0,0.0,0.0,,0.0,0.0,885.0,97.7,0.0,0.0,0.0,0.0,0.0,0.0,15.1,32.9,,,145.7,1490.0,0.0,0.0,0.0,0.0,0.0,0.0,194.0,418.0,,,2102.0,,,5.5
17619002AR,7095,AR,AR,2008,HARRISBURG WTR GAS DIV,HARRISBURG WTR GAS DIV,HARRISBURG WATER & GAS DIV,nan,matched,,primary,1,1,1,no,yes,HARRISBURG WATER AND GAS,eia:17619002AR,63452.0,1033045.0,1248.0,25719.0,384613.0,129.0,11482.0,177308.0,66.0,,,,,,,105372.0,100653.0,,145.7,2096.0,0.0,0.0,0.0,47.9,6.4,0.0,0.0,,0.0,0.0,0.0,91.4,0.0,0.0,0.0,0.0,0.0,1188.0,20.0,0.0,0.0,,0.0,0.0,0.0,97.7,0.0,0.0,0.0,0.0,0.0,0.0,15.1,32.9,,,145.7,1490.0,0.0,0.0,0.0,0.0,0.0,0.0,194.0,412.0,,,2096.0,,,6.3
17619002AR,7095,AR,AR,2009,HARRISBURG WTR GAS DIV,HARRISBURG WTR GAS DIV,HARRISBURG WATER & GAS DIV,nan,matched,,primary,1,1,1,no,yes,HARRISBURG WATER AND GAS,eia:17619002AR,55766.0,752598.0,1191.0,26946.0,324047.0,138.0,14185.0,165471.0,32.0,,,,,,,110316.0,96897.0,,145.75,2096.0,0.0,47.9,0.0,0.0,6.35,0.0,0.0,,0.0,0.0,0.0,91.5,0.0,0.0,0.0,1184.0,0.0,0.0,19.0,0.0,0.0,,0.0,0.0,0.0,97.7,0.0,0.0,0.0,0.0,0.0,0.0,15.15,32.9,,,145.75,1490.0,0.0,0.0,0.0,0.0,0.0,0.0,194.0,412.0,,,2096.0,,,5.22
17619002AR,7095,AR,AR,2010,HARRISBURG WTR GAS DIV,HARRISBURG WTR GAS DIV,HARRISBURG WATER & GAS DIV,nan,matched,,primary,1,1,1,no,yes,HARRISBURG WATER AND GAS,eia:17619002AR,58423.0,787333.0,1189.0,30041.0,353460.0,137.0,7249.0,84513.0,38.0,,,,,,,99521.0,95825.0,112.0,146.25,2094.0,0.0,0.0,0.0,47.9,98.35,0.0,0.0,,0.0,0.0,0.0,92.0,0.0,0.0,0.0,0.0,0.0,1184.0,910.0,0.0,0.0,,0.0,0.0,0.0,97.7,0.0,0.0,0.0,0.0,0.0,0.0,15.15,32.9,0.5,,146.25,1481.0,0.0,0.0,0.0,0.0,0.0,0.0,191.0,412.0,10.0,,2094.0,1.0,572.0,6.67
17619002AR,7095,AR,AR,2011,HARRISBURG WTR GAS DIV,HARRISBURG WTR GAS DIV,HARRISBURG WATER & GAS DIV,nan,matched,,primary,1,1,1,no,yes,HARRISBURG WATER AND GAS,eia:17619002AR,55201.0,683347.0,1188.0,27335.0,285515.0,137.0,8971.0,98882.0,38.0,,,,,,,93691.0,91609.0,102.0,146.5,2109.0,0.0,0.0,0.0,47.9,98.6,0.0,0.0,,0.0,0.0,0.0,93.0,0.0,0.0,0.0,0.0,0.0,1166.0,943.0,0.0,0.0,,0.0,0.0,0.0,96.95,0.0,0.0,0.0,0.0,0.0,0.0,15.15,32.9,1.5,,146.5,1450.0,0.0,0.0,0.0,0.0,0.0,0.0,191.0,412.0,56.0,,2109.0,0.0,608.0,3.8
17619002AR,7095,AR,AR,2012,HARRISBURG WTR GAS DIV,HARRISBURG WTR GAS DIV,HARRISBURG WATER & GAS DIV,nan,matched,,primary,1,1,1,no,yes,HARRISBURG WATER AND GAS,eia:17619002AR,43948.0,631405.0,1210.0,21974.0,315702.0,154.0,7326.0,105236.0,32.0,,,,,,,77150.0,73431.0,183.0,146.5,2113.0,0.0,0.0,0.0,47.9,98.6,0.0,0.0,,0.0,0.0,0.0,93.0,0.0,0.0,0.0,0.0,0.0,1162.0,951.0,0.0,0.0,,0.0,0.0,,96.95,0.0,0.0,0.0,0.0,0.0,0.0,15.15,32.9,1.5,,146.5,1450.0,0.0,0.0,0.0,0.0,0.0,0.0,191.0,412.0,60.0,,2113.0,0.0,681.0,5.0
17619002AR,7095,AR,AR,2013,HARRISBURG WTR GAS DIV,HARRISBURG WTR GAS DIV,HARRISBURG WATER & GAS DIV,nan,matched,,primary,1,1,1,no,yes,HARRISBURG WATER AND GAS,eia:17619002AR,54647.0,584761.0,1200.0,28945.0,112457.0,150.0,13079.0,112457.0,22.0,,,,1850.0,11641.0,1.0,100578.0,98699.0,178.0,146.5,2120.0,0.0,0.0,0.0,47.9,98.6,0.0,0.0,,0.0,0.0,0.0,93.0,0.0,0.0,0.0,0.0,0.0,1160.0,960.0,0.0,0.0,,0.0,0.0,0.0,96.95,0.0,0.0,0.0,0.0,0.0,0.0,15.15,32.9,1.5,,146.5,1450.0,0.0,0.0,0.0,0.0,0.0,0.0,191.0,412.0,67.0,,2120.0,2.0,672.0,2.0
17619002AR,7095,AR,AR,2014,HARRISBURG WTR GAS DIV,HARRISBURG WTR GAS DIV,HARRISBURG WATER & GAS DIV,nan,matched,,primary,1,1,1,no,yes,HARRISBURG WATER AND GAS,eia:17619002AR,70634.0,731090.0,1144.0,28335.0,208002.0,139.0,11267.0,84513.0,36.0,,,,1161.0,12193.0,7.0,104740.0,111578.0,181.0,147.35,2150.0,0.0,0.0,0.0,47.9,99.45,0.0,0.0,,0.0,0.0,0.0,93.85,0.0,0.0,0.0,0.0,0.0,1156.0,994.0,0.0,0.0,,0.0,0.0,0.0,96.95,0.0,0.0,0.0,0.0,0.0,0.0,15.15,32.9,2.35,,147.35,1450.0,0.0,0.0,0.0,0.0,0.0,0.0,191.0,412.0,97.0,,2150.0,6.0,613.0,3.74
17619002AR,7095,AR,AR,2015,HARRISBURG WTR GAS DIV,HARRISBURG WTR GAS DIV,HARRISBURG WATER & GAS DIV,Municipal Owned,matched,,primary,1,1,1,no,yes,HARRISBURG WATER AND GAS,eia:17619002AR,50369.0,425290.0,1073.0,27320.0,230684.0,279.0,5848.0,49383.0,66.0,,,,1453.0,12270.0,8.0,86126.0,85105.0,115.0,150.25,2174.0,,,,47.9,102.35,,0.0,,,,,96.75,0.0,0.0,,,,1154.0,1020.0,,0.0,,,,,96.95,0.0,0.0,0.0,0.0,0.0,0.0,15.5,32.9,4.9,,150.25,1450.0,0.0,0.0,0.0,0.0,0.0,0.0,191.0,412.0,121.0,,2174.0,1.0,650.0,1.45
17619002AR,7095,AR,AR,2016,HARRISBURG WTR GAS DIV,HARRISBURG WTR GAS DIV,HARRISBURG WATER & GAS DIV,Municipal Owned,matched,,primary,1,1,1,no,yes,HARRISBURG WATER AND GAS,eia:17619002AR,43792.0,369757.0,1095.0,23916.0,201942.0,263.0,1765.0,14911.0,66.0,,,,1717.0,14496.0,8.0,73224.0,71690.0,500.0,150.95,2195.0,,,,47.9,103.05,,0.0,,,,,97.45,0.0,0.0,,,,1154.0,1041.0,,0.0,,,,,96.95,0.0,0.0,0.0,0.0,0.0,0.0,15.5,32.9,5.6,,150.95,1450.0,0.0,0.0,0.0,0.0,0.0,0.0,191.0,412.0,142.0,,2195.0,0.0,662.0,2.77
17619002AR,7095,AR,AR,2017,HARRISBURG WTR GAS DIV,HARRISBURG WTR GAS DIV,HARRISBURG WATER & GAS DIV,Municipal Owned,matched,,primary,1,1,1,no,yes,HARRISBURG WATER AND GAS,eia:17619002AR,40139.0,338913.0,1112.0,21939.0,185947.0,256.0,1939.0,16371.0,67.0,,,,1012.0,8544.0,8.0,69439.0,65529.0,500.0,150.95,2210.0,,,,47.9,103.05,,0.0,,,,,97.45,0.0,0.0,,,,1149.0,1061.0,,0.0,,,,,96.95,0.0,0.0,0.0,0.0,0.0,0.0,15.5,32.9,5.6,,150.95,1450.0,0.0,0.0,0.0,0.0,0.0,0.0,191.0,412.0,148.0,,2201.0,1.0,714.0,4.2
17619002AR,7095,AR,AR,2018,HARRISBURG WTR GAS DIV,HARRISBURG WTR GAS DIV,HARRISBURG WATER & GAS DIV,Municipal Owned,matched,,primary,1,1,1,no,yes,HARRISBURG WATER AND GAS,eia:17619002AR,48683.0,411054.0,1161.0,31033.0,262027.0,196.0,1545.0,13125.0,64.0,,,,1540.0,13000.0,8.0,82810.0,83301.0,500.0,150.95,2195.0,,,,47.9,103.05,0.0,0.0,0.0,0.0,0.0,0.0,97.45,0.0,0.0,,,,1154.0,1041.0,0.0,0.0,0.0,0.0,0.0,0.0,96.95,0.0,0.0,0.0,0.0,0.0,0.0,15.5,32.9,5.6,,150.95,1450.0,0.0,0.0,0.0,0.0,0.0,0.0,191.0,412.0,142.0,,2195.0,0.0,557.0,5.01
17619002AR,7095,AR,AR,2019,HARRISBURG WTR GAS DIV,HARRISBURG WTR GAS DIV,HARRISBURG WATER & GAS DIV,Municipal Owned,matched,,primary,1,1,1,no,yes,HARRISBURG WATER AND GAS,eia:17619002AR,60331.0,509193.0,1354.0,28000.0,236320.0,137.0,40680.0,343339.0,65.0,,,,3358.0,28342.0,1.0,129011.0,132869.0,500.0,150.9,2202.0,,,,47.9,103.0,0.0,0.0,0.0,0.0,0.0,0.0,97.5,0.0,0.0,,,,1154.0,1048.0,0.0,0.0,0.0,0.0,0.0,0.0,96.95,0.0,0.0,0.0,0.0,0.0,0.0,15.5,32.9,5.6,,150.95,1450.0,0.0,0.0,0.0,0.0,0.0,0.0,191.0,412.0,149.0,,2202.0,0.0,669.0,5.0
17619002AR,7095,AR,AR,2020,HARRISBURG WTR GAS DIV,HARRISBURG WTR GAS DIV,HARRISBURG WATER & GAS DIV,Municipal Owned,matched,,primary,1,1,1,no,yes,HARRISBURG WATER AND GAS,eia:17619002AR,76075.0,642078.0,1161.0,37074.0,312907.0,242.0,29725.0,250880.0,48.0,,,,0.0,,0.0,145003.0,143374.0,500.0,150.9,2196.0,,,,47.9,103.0,0.0,0.0,0.0,0.0,0.0,0.0,97.5,0.0,0.0,,,,1154.0,1042.0,0.0,0.0,0.0,0.0,0.0,0.0,96.9,0.0,0.0,0.0,,0.0,0.0,15.5,32.9,5.6,0.0,150.9,1450.0,0.0,0.0,0.0,0.0,0.0,0.0,191.0,412.0,152.0,0.0,2205.0,0.0,725.0,5.0
17619002AR,7095,AR,AR,2021,HARRISBURG WTR GAS DIV,HARRISBURG WTR GAS DIV,HARRISBURG WATER & GAS DIV,Municipal Owned,matched,,primary,1,1,1,no,yes,HARRISBURG WATER AND GAS,eia:17619002AR,58454.0,493351.0,1130.0,25817.0,217895.0,222.0,62684.0,529054.0,31.0,,,,,,,149832.0,147455.0,500.0,150.9,2196.0,,,,47.9,103.0,0.0,0.0,0.0,0.0,0.0,0.0,97.5,0.0,0.0,,,,1154.0,1042.0,0.0,0.0,0.0,0.0,0.0,0.0,96.9,0.0,0.0,0.0,0.0,0.0,0.0,15.5,32.9,5.6,0.0,150.9,1450.0,0.0,0.0,0.0,0.0,0.0,0.0,191.0,412.0,152.0,0.0,2205.0,0.0,659.0,5.0
17619002AR,7095,AR,AR,2022,HARRISBURG WTR GAS DIV,HARRISBURG WTR GAS DIV,HARRISBURG WATER & GAS DIV,Municipal Owned,matched,,primary,1,1,1,no,yes,HARRISBURG WATER AND GAS,eia:17619002AR,63989.0,540067.0,1170.0,24600.0,207624.0,174.0,62155.0,524588.0,17.0,,,,,,,151876.0,151244.0,500.0,150.9,2200.0,,,,47.9,103.0,0.0,0.0,0.0,0.0,0.0,0.0,97.5,0.0,0.0,,,,1154.0,1046.0,0.0,0.0,0.0,0.0,0.0,0.0,96.9,0.0,0.0,0.0,0.0,0.0,0.0,15.5,32.9,5.6,0.0,150.9,1450.0,0.0,0.0,0.0,0.0,0.0,0.0,191.0,412.0,152.0,0.0,2205.0,0.0,662.0,4.0
17619002AR,7095,AR,AR,2023,HARRISBURG WTR GAS DIV,HARRISBURG WTR GAS DIV,HARRISBURG WATER & GAS DIV,Municipal Owned,matched,,primary,1,1,1,no,yes,HARRISBURG WATER AND GAS,eia:17619002AR,51715.0,637831.0,1145.0,26609.0,385021.0,175.0,58713.0,505702.0,17.0,,,,,,,137287.0,137567.0,530.0,150.9,2200.0,,,,47.9,103.0,0.0,0.0,0.0,0.0,0.0,0.0,97.5,0.0,0.0,,,,1154.0,1046.0,0.0,0.0,0.0,0.0,0.0,0.0,96.9,0.0,0.0,0.0,0.0,0.0,0.0,15.5,32.9,5.6,0.0,150.9,1450.0,0.0,0.0,0.0,0.0,0.0,0.0,191.0,412.0,152.0,0.0,2205.0,0.0,751.0,7.0
17619002AR,7095,AR,AR,2024,HARRISBURG WTR GAS DIV,HARRISBURG WTR GAS DIV,HARRISBURG WATER & GAS DIV,Municipal Owned,matched,,primary,1,1,1,no,yes,HARRISBURG WATER AND GAS,eia:17619002AR,55700.0,637744.0,1145.0,25801.0,384087.0,182.0,60750.0,520710.0,22.0,,,,,,,142981.0,142761.0,510.0,150.9,2200.0,,,,47.9,103.0,0.0,0.0,0.0,0.0,0.0,0.0,97.5,0.0,0.0,,,,1154.0,1046.0,0.0,0.0,0.0,0.0,0.0,0.0,96.9,0.0,0.0,0.0,0.0,0.0,0.0,15.5,32.9,5.6,0.0,150.9,1450.0,0.0,0.0,0.0,0.0,0.0,0.0,191.0,412.0,152.0,0.0,2205.0,9.0,985.0,6.0
17619002AR,7095,AR,AR,2025,HARRISBURG WTR GAS DIV,HARRISBURG WTR GAS DIV,HARRISBURG WATER & GAS DIV,Municipal Owned,matched,,primary,1,1,1,no,yes,HARRISBURG WATER AND GAS,eia:17619002AR,,,,,,,,,,,,,,,,,,,150.9,2206.0,,,,47.9,103.0,0.0,0.0,0.0,0.0,0.0,0.0,97.5,0.0,0.0,,,,1154.0,1052.0,0.0,0.0,0.0,0.0,0.0,0.0,96.9,0.0,0.0,0.0,0.0,0.0,0.0,15.5,32.9,5.6,0.0,150.9,1450.0,0.0,0.0,0.0,0.0,0.0,0.0,191.0,412.0,152.0,0.0,2205.0,6.0,1078.0,6.0
17605625AR,7190,AR,AR,1997,HAZEN GAS CO,HAZEN GAS CO,HAZEN NATURAL GAS CO,nan,matched,,primary,1,1,1,no,yes,HAZEN GAS CO,eia:17605625AR,32156.0,182579.0,471.0,39055.0,179359.0,119.0,4128.0,19485.0,1.0,,,,,,,129821.0,121875.0,,37.0,517.0,0.0,0.0,1.0,24.0,12.0,0.0,0.0,,0.0,0.0,0.0,6.0,4.0,0.0,0.0,0.0,252.0,0.0,261.0,0.0,0.0,,0.0,0.0,4.0,,,,,,,,,,,,,,,,,,,,,,,,,,,7.36
17605625AR,7190,AR,AR,1998,HAZEN GAS CO,HAZEN GAS CO,HAZEN NATURAL GAS CO,nan,matched,,primary,1,1,1,no,yes,HAZEN GAS CO,eia:17605625AR,29638.0,143554.0,470.0,32539.0,132567.0,117.0,3609.0,15641.0,1.0,,,,,,,114046.0,109653.0,,37.0,516.0,0.0,0.0,1.0,24.0,12.0,0.0,0.0,,0.0,0.0,0.0,7.0,3.0,0.0,0.0,0.0,0.0,252.0,261.0,0.0,0.0,,0.0,0.0,3.0,,,,,,,,,,,,,,,,,,,,,,,,,,,4.55
17605625AR,7190,AR,AR,1999,HAZEN GAS CO,HAZEN GAS CO,HAZEN NATURAL GAS CO,nan,matched,,primary,1,1,1,no,yes,HAZEN GAS CO,eia:17605625AR,31016.0,131586.0,480.0,24629.0,111339.0,99.0,10857.0,43645.0,2.0,,,,,,,116827.0,106941.0,,37.0,517.0,0.0,0.0,1.0,24.0,12.0,0.0,0.0,,0.0,0.0,0.0,8.0,2.0,0.0,0.0,0.0,0.0,252.0,262.0,0.0,0.0,,0.0,0.0,3.0,,,,,,,,,,,,,,,,,,,,,,,,,,,3.04
17605625AR,7190,AR,AR,2000,HAZEN GAS CO,HAZEN GAS CO,HAZEN NATURAL GAS CO,nan,matched,,primary,1,1,1,no,yes,HAZEN GAS CO,eia:17605625AR,33580.0,214336.0,490.0,17139.0,113900.0,98.0,26243.0,98948.0,3.0,,,,,,,116339.0,112188.0,,37.0,517.0,0.0,0.0,1.0,24.0,12.0,0.0,0.0,,0.0,0.0,0.0,8.0,2.0,0.0,0.0,0.0,0.0,252.0,262.0,0.0,0.0,,0.0,0.0,3.0,,,,,,,,,,,,,,,,,,,,,,,,,,,3.7
17605625AR,7190,AR,AR,2001,HAZEN GAS CO,HAZEN GAS CO,HAZEN NATURAL GAS CO,nan,matched,,primary,1,1,1,no,yes,HAZEN GAS CO,eia:17605625AR,27856.0,242512.0,479.0,16111.0,132672.0,107.0,20109.0,108419.0,10.0,,,,,,,104396.0,94505.0,,37.0,517.0,0.0,0.0,1.0,24.0,12.0,0.0,0.0,,0.0,0.0,0.0,9.0,1.0,0.0,0.0,0.0,0.0,252.0,262.0,0.0,0.0,,0.0,0.0,3.0,,,,,,,,,,,,,,,,,,,,,,,,,,,7.86
17605625AR,7190,AR,AR,2002,HAZEN GAS CO,HAZEN GAS CO,HAZEN NATURAL GAS CO,nan,matched,,primary,1,1,1,no,yes,HAZEN GAS CO,eia:17605625AR,,,,,,,,,,,,,,,,,,,37.0,518.0,0.0,0.0,1.0,24.0,12.0,0.0,0.0,,0.0,0.0,0.0,10.0,1.0,0.0,0.0,0.0,0.0,252.0,263.0,0.0,0.0,,0.0,0.0,3.0,,,,,,,,,,,,,,,,,,,,,,,,,,,8.19
17605625AR,7190,AR,AR,2003,HAZEN GAS CO,HAZEN GAS CO,HAZEN NATURAL GAS CO,nan,matched,,primary,1,1,1,no,yes,HAZEN GAS CO,eia:17605625AR,27039.0,244998.0,485.0,32969.0,264122.0,95.0,2458.0,24502.0,3.0,,,,,,,97166.0,90704.0,,38.0,518.0,0.0,0.0,1.0,24.0,13.0,0.0,0.0,,0.0,0.0,0.0,10.0,1.0,0.0,0.0,0.0,0.0,252.0,263.0,0.0,0.0,,0.0,0.0,3.0,,,,,,,,,,,,,,,,,,,,,,,,,,,7.13
17605625AR,7190,AR,AR,2004,HAZEN GAS CO,HAZEN GAS CO,HAZEN NATURAL GAS CO,nan,matched,,primary,1,1,1,no,yes,HAZEN GAS CO,eia:17605625AR,22484.0,243630.0,475.0,32666.0,296554.0,95.0,1007.0,13777.0,3.0,,,,,,,85786.0,79601.0,,38.0,518.0,0.0,0.0,1.0,24.0,13.0,0.0,0.0,,0.0,0.0,0.0,10.0,1.0,0.0,0.0,0.0,0.0,252.0,263.0,0.0,0.0,,0.0,0.0,0.0,38.0,0.0,0.0,0.0,0.0,0.0,0.0,0.0,0.0,,,38.0,518.0,0.0,0.0,0.0,0.0,0.0,0.0,0.0,0.0,,,518.0,,,7.77
17605625AR,7190,AR,AR,2005,HAZEN GAS CO,HAZEN GAS CO,HAZEN NATURAL GAS CO,nan,matched,,primary,1,1,1,no,yes,HAZEN GAS CO,eia:17605625AR,21864.0,292657.0,475.0,30894.0,352367.0,93.0,862.0,14216.0,3.0,,,,,,,80674.0,75990.0,,38.0,518.0,0.0,0.0,1.0,24.0,13.0,0.0,0.0,,0.0,0.0,0.0,10.0,1.0,0.0,0.0,0.0,0.0,252.0,263.0,0.0,0.0,,0.0,0.0,3.0,38.0,0.0,0.0,0.0,0.0,0.0,0.0,0.0,0.0,,,38.0,518.0,0.0,0.0,0.0,0.0,0.0,0.0,0.0,0.0,,,518.0,,,6.16
17605625AR,7190,AR,AR,2006,HAZEN GAS CO,HAZEN GAS CO,HAZEN NATURAL GAS CO,nan,matched,,primary,1,1,1,no,yes,HAZEN GAS CO,eia:17605625AR,18755.0,270419.0,445.0,19740.0,255183.0,104.0,837.0,15093.0,3.0,,,,,,,75997.0,59300.0,,38.0,523.0,0.0,0.0,1.0,24.0,13.0,0.0,0.0,,0.0,0.0,0.0,10.0,1.0,0.0,0.0,0.0,0.0,252.0,268.0,0.0,0.0,,0.0,0.0,3.0,38.0,0.0,0.0,0.0,0.0,0.0,0.0,0.0,0.0,,,38.0,523.0,0.0,0.0,0.0,0.0,0.0,0.0,0.0,0.0,,,523.0,,,14.0
17605625AR,7190,AR,AR,2007,HAZEN GAS CO,HAZEN GAS CO,HAZEN NATURAL GAS CO,nan,matched,,primary,1,1,1,no,yes,HAZEN GAS CO,eia:17605625AR,20658.0,256606.0,436.0,11353.0,141434.0,94.0,16954.0,154816.0,4.0,,,,,,,75567.0,72259.0,,38.0,518.0,0.0,0.0,1.0,24.0,13.0,0.0,0.0,,0.0,0.0,0.0,10.0,1.0,0.0,0.0,0.0,0.0,252.0,263.0,0.0,0.0,,0.0,0.0,3.0,38.0,0.0,0.0,0.0,0.0,0.0,0.0,0.0,0.0,,,38.0,518.0,0.0,0.0,0.0,0.0,0.0,0.0,0.0,0.0,,,518.0,,,6.15
17605625AR,7190,AR,AR,2008,HAZEN GAS CO,HAZEN GAS CO,HAZEN NATURAL GAS CO,nan,matched,,primary,1,1,1,no,yes,HAZEN GAS CO,eia:17605625AR,22074.0,285940.0,529.0,12281.0,163317.0,95.0,35382.0,325531.0,4.0,,,,,,,76763.0,97215.0,,38.0,518.0,0.0,0.0,1.0,24.0,13.0,0.0,0.0,,0.0,0.0,0.0,10.0,1.0,0.0,0.0,0.0,0.0,252.0,263.0,0.0,0.0,,0.0,0.0,3.0,38.0,0.0,0.0,0.0,0.0,0.0,0.0,0.0,0.0,,,38.0,518.0,0.0,0.0,0.0,0.0,0.0,0.0,0.0,0.0,,,518.0,,,33.3
17605625AR,7190,AR,AR,2009,HAZEN GAS CO,HAZEN GAS CO,HAZEN NATURAL GAS CO,nan,matched,,primary,1,1,1,no,yes,HAZEN GAS CO,eia:17605625AR,21797.0,207719.0,425.0,13042.0,118969.0,95.0,30482.0,202670.0,3.0,,,,,,,70609.0,91836.0,,38.0,523.0,0.0,0.0,1.0,24.0,13.0,0.0,0.0,,0.0,0.0,0.0,10.0,1.0,0.0,0.0,0.0,0.0,252.0,268.0,0.0,0.0,,0.0,0.0,3.0,38.0,0.0,0.0,0.0,0.0,0.0,0.0,0.0,0.0,,,38.0,523.0,0.0,0.0,0.0,0.0,0.0,0.0,0.0,0.0,,,523.0,,,15.0
17605625AR,7190,AR,AR,2010,HAZEN GAS CO,HAZEN GAS CO,HAZEN NATURAL GAS CO,nan,matched,,primary,1,1,1,no,yes,HAZEN GAS CO,eia:17605625AR,21049.0,238492.0,414.0,12026.0,130209.0,97.0,12507.0,131736.0,2.0,,,,,,,73091.0,68233.0,54.0,38.0,523.0,1.0,0.0,24.0,0.0,13.0,0.0,0.0,,0.0,0.0,0.0,10.0,1.0,0.0,0.0,0.0,0.0,252.0,267.0,0.0,0.0,,0.0,0.0,4.0,38.0,0.0,0.0,0.0,0.0,0.0,0.0,0.0,0.0,0.0,,38.0,523.0,0.0,0.0,0.0,0.0,0.0,0.0,0.0,0.0,0.0,,523.0,1.0,0.0,15.0
17605625AR,7190,AR,AR,2011,HAZEN GAS CO,HAZEN GAS CO,HAZEN NATURAL GAS CO,nan,matched,,primary,1,1,1,no,yes,HAZEN GAS CO,eia:17605625AR,19904.0,220167.0,512.0,26041.0,235121.0,10.0,2601.0,26838.0,4.0,,,,,,,64121.0,65930.0,54.0,38.0,525.0,1.0,0.0,24.0,0.0,13.0,0.0,0.0,,0.0,0.0,0.0,10.0,1.0,0.0,0.0,0.0,0.0,252.0,269.0,0.0,0.0,,0.0,0.0,4.0,38.0,0.0,0.0,0.0,0.0,0.0,0.0,0.0,0.0,0.0,,38.0,525.0,0.0,0.0,0.0,0.0,0.0,0.0,0.0,0.0,0.0,,525.0,0.0,0.0,14.0
17605625AR,7190,AR,AR,2012,HAZEN GAS CO,HAZEN GAS CO,HAZEN NATURAL GAS CO,nan,matched,,primary,1,1,1,no,yes,HAZEN GAS CO,eia:17605625AR,15374.0,153911.0,409.0,11145.0,107528.0,92.0,15407.0,84888.0,4.0,,,,,,,51602.0,55953.0,105.0,38.0,525.0,1.0,0.0,24.0,0.0,13.0,0.0,0.0,,0.0,0.0,0.0,10.0,1.0,0.0,0.0,0.0,0.0,252.0,269.0,0.0,0.0,,0.0,0.0,4.0,38.0,0.0,0.0,0.0,0.0,0.0,0.0,0.0,0.0,0.0,,38.0,525.0,0.0,0.0,0.0,0.0,0.0,0.0,0.0,0.0,0.0,,525.0,0.0,0.0,24.0
17605625AR,7190,AR,AR,2013,HAZEN GAS CO,HAZEN GAS CO,HAZEN NATURAL GAS CO,nan,matched,,primary,1,1,1,no,yes,HAZEN GAS CO,eia:17605625AR,18859.0,188828.0,388.0,12844.0,143509.0,94.0,15233.0,123596.0,4.0,,,,,,,64284.0,65255.0,85.0,38.0,525.0,1.0,0.0,24.0,0.0,13.0,0.0,0.0,,0.0,0.0,0.0,10.0,1.0,0.0,0.0,0.0,0.0,252.0,269.0,0.0,0.0,,0.0,0.0,4.0,38.0,0.0,0.0,0.0,0.0,0.0,0.0,0.0,0.0,0.0,,38.0,525.0,0.0,0.0,0.0,0.0,0.0,0.0,0.0,0.0,0.0,,525.0,0.0,0.0,27.0
17605625AR,7190,AR,AR,2014,HAZEN GAS CO,HAZEN GAS CO,HAZEN NATURAL GAS CO,nan,matched,,primary,1,1,1,no,yes,HAZEN GAS CO,eia:17605625AR,21651.0,245046.0,439.0,14514.0,170315.0,126.0,12704.0,117883.0,6.0,,,,,,,65477.0,69496.0,79.0,38.0,577.0,1.0,0.0,24.0,0.0,13.0,0.0,0.0,,0.0,0.0,0.0,10.0,1.0,0.0,0.0,0.0,0.0,304.0,269.0,0.0,0.0,,0.0,0.0,4.0,38.0,0.0,0.0,0.0,0.0,0.0,0.0,0.0,0.0,0.0,,38.0,577.0,0.0,0.0,0.0,0.0,0.0,0.0,0.0,0.0,0.0,,577.0,2.0,2.0,27.0
17605625AR,7190,AR,AR,2015,HAZEN GAS CO,HAZEN GAS CO,HAZEN NATURAL GAS CO,Municipal Owned,matched,,primary,1,1,1,no,yes,HAZEN GAS CO,eia:17605625AR,17398.0,163536.0,439.0,11289.0,101057.0,100.0,11240.0,84223.0,5.0,,,,,,,54208.0,55830.0,54.0,38.0,544.0,1.0,0.0,24.0,0.0,13.0,0.0,0.0,,0.0,0.0,0.0,10.0,1.0,0.0,0.0,0.0,0.0,271.0,269.0,0.0,0.0,,0.0,0.0,4.0,38.0,0.0,0.0,0.0,0.0,0.0,0.0,0.0,0.0,0.0,,38.0,544.0,0.0,0.0,0.0,0.0,0.0,0.0,0.0,0.0,0.0,,544.0,1.0,1.0,24.0
17605625AR,7190,AR,AR,2016,HAZEN GAS CO,HAZEN GAS CO,HAZEN NATURAL GAS CO,Municipal Owned,matched,,primary,1,1,1,no,yes,HAZEN GAS CO,eia:17605625AR,15070.0,139799.0,635.0,10896.0,82180.0,122.0,10001.0,85528.0,6.0,,,,,,,44142.0,48977.0,53.0,38.0,544.0,1.0,0.0,24.0,0.0,13.0,0.0,0.0,,0.0,0.0,0.0,10.0,1.0,0.0,0.0,0.0,0.0,271.0,269.0,0.0,0.0,,0.0,0.0,4.0,38.0,0.0,0.0,0.0,0.0,0.0,0.0,0.0,0.0,0.0,,38.0,544.0,0.0,0.0,0.0,0.0,0.0,0.0,0.0,0.0,0.0,,544.0,1.0,1.0,25.0
17605625AR,7190,AR,AR,2017,HAZEN GAS CO,HAZEN GAS CO,HAZEN NATURAL GAS CO,Municipal Owned,matched,,primary,1,1,1,no,yes,HAZEN GAS CO,eia:17605625AR,14411.0,159647.0,438.0,10842.0,129161.0,120.0,15457.0,105649.0,6.0,,,,,,,53518.0,52984.0,70.0,38.0,544.0,1.0,0.0,24.0,0.0,13.0,0.0,0.0,,0.0,0.0,0.0,10.0,1.0,0.0,0.0,0.0,0.0,271.0,269.0,0.0,0.0,,0.0,0.0,4.0,38.0,0.0,0.0,0.0,0.0,0.0,0.0,0.0,0.0,0.0,,38.0,544.0,0.0,0.0,0.0,0.0,0.0,0.0,0.0,0.0,0.0,,544.0,2.0,1.0,29.0
17605625AR,7190,AR,AR,2018,HAZEN GAS CO,HAZEN GAS CO,HAZEN NATURAL GAS CO,Municipal Owned,matched,,primary,1,1,1,no,yes,HAZEN GAS CO,eia:17605625AR,18466.0,198505.0,428.0,13356.0,130525.0,100.0,17212.0,143529.0,7.0,,,,,,,62305.0,66104.0,79.0,17.0,492.0,0.0,0.0,0.0,10.0,7.0,0.0,0.0,0.0,0.0,0.0,0.0,7.0,0.0,0.0,0.0,0.0,0.0,267.0,225.0,0.0,0.0,0.0,0.0,0.0,0.0,17.0,0.0,0.0,0.0,0.0,0.0,0.0,0.0,0.0,0.0,,17.0,492.0,0.0,0.0,0.0,0.0,0.0,0.0,0.0,0.0,0.0,,492.0,0.0,13.0,21.0
17605625AR,7190,AR,AR,2019,HAZEN GAS CO,HAZEN GAS CO,HAZEN NATURAL GAS CO,Municipal Owned,matched,,primary,1,1,1,no,yes,HAZEN GAS CO,eia:17605625AR,17632.0,182044.0,435.0,11628.0,113814.0,100.0,6900.0,55370.0,7.0,,,,,,,51406.0,50247.0,50.0,17.0,492.0,0.0,0.0,0.0,10.0,7.0,0.0,0.0,0.0,0.0,0.0,0.0,7.0,0.0,0.0,0.0,0.0,0.0,267.0,225.0,0.0,0.0,0.0,0.0,0.0,0.0,17.0,0.0,0.0,0.0,0.0,0.0,0.0,0.0,0.0,0.0,,17.0,492.0,0.0,0.0,0.0,0.0,0.0,0.0,0.0,0.0,0.0,,492.0,1.0,236.0,12.0
17605625AR,7190,AR,AR,2020,HAZEN GAS CO,HAZEN GAS CO,HAZEN NATURAL GAS CO,Municipal Owned,matched,,primary,1,1,1,no,yes,HAZEN GAS CO,eia:17605625AR,15302.0,161440.0,473.0,10463.0,97276.0,100.0,15894.0,114381.0,7.0,,,,,,,53137.0,54326.0,61.0,17.0,492.0,0.0,0.0,0.0,10.0,7.0,0.0,0.0,0.0,0.0,0.0,0.0,7.0,0.0,0.0,0.0,0.0,0.0,267.0,225.0,0.0,0.0,0.0,0.0,0.0,0.0,17.0,0.0,0.0,0.0,0.0,0.0,0.0,0.0,0.0,0.0,0.0,17.0,492.0,0.0,0.0,0.0,0.0,0.0,0.0,0.0,0.0,0.0,0.0,492.0,1.0,275.0,25.0
17605625AR,7190,AR,AR,2021,HAZEN GAS CO,HAZEN GAS CO,HAZEN NATURAL GAS CO,Municipal Owned,matched,,primary,1,1,1,no,yes,HAZEN GAS CO,eia:17605625AR,15385.0,206825.0,457.0,13547.0,163959.0,100.0,13558.0,129925.0,7.0,,,,,,,63985.0,55779.0,56.0,17.0,492.0,0.0,0.0,0.0,10.0,7.0,0.0,0.0,0.0,0.0,0.0,0.0,7.0,0.0,0.0,0.0,0.0,0.0,267.0,225.0,0.0,0.0,0.0,0.0,0.0,0.0,17.0,0.0,0.0,0.0,0.0,0.0,0.0,0.0,0.0,0.0,0.0,17.0,492.0,0.0,0.0,0.0,0.0,0.0,0.0,0.0,0.0,0.0,0.0,492.0,2.0,309.0,16.0
17605625AR,7190,AR,AR,2022,HAZEN GAS CO,HAZEN GAS CO,HAZEN NATURAL GAS CO,Municipal Owned,matched,,primary,1,1,1,no,yes,HAZEN GAS CO,eia:17605625AR,15392.0,217260.0,450.0,12798.0,175732.0,101.0,8281.0,123164.0,7.0,,,,,,,59934.0,51904.0,1750.0,17.0,492.0,0.0,0.0,0.0,10.0,7.0,0.0,0.0,0.0,0.0,0.0,0.0,7.0,0.0,0.0,0.0,0.0,0.0,267.0,225.0,0.0,0.0,0.0,0.0,0.0,0.0,17.0,0.0,0.0,0.0,0.0,0.0,0.0,0.0,0.0,0.0,0.0,17.0,492.0,0.0,0.0,0.0,0.0,0.0,0.0,0.0,0.0,0.0,0.0,492.0,1.0,158.0,16.0
17605625AR,7190,AR,AR,2023,HAZEN GAS CO,HAZEN GAS CO,HAZEN NATURAL GAS CO,Municipal Owned,matched,,primary,1,1,1,no,yes,HAZEN GAS CO,eia:17605625AR,12624.0,157762.0,443.0,11319.0,119682.0,101.0,8141.0,67165.0,7.0,,,,,,,48722.0,50798.0,8518.0,17.0,448.0,0.0,0.0,0.0,10.0,7.0,0.0,0.0,0.0,0.0,0.0,0.0,7.0,0.0,0.0,0.0,0.0,0.0,223.0,225.0,0.0,0.0,0.0,0.0,0.0,0.0,17.0,0.0,0.0,0.0,0.0,0.0,0.0,0.0,0.0,0.0,0.0,17.0,448.0,0.0,0.0,0.0,0.0,0.0,0.0,0.0,0.0,0.0,0.0,448.0,1.0,189.0,13.0
17605625AR,7190,AR,AR,2024,HAZEN GAS CO,HAZEN GAS CO,HAZEN NATURAL GAS CO,Municipal Owned,matched,,primary,1,1,1,no,yes,HAZEN GAS CO,eia:17605625AR,17317.0,224752.0,347.0,15687.0,178656.0,85.0,5229.0,48178.0,6.0,,,,,,,61614.0,55731.0,7071.0,17.0,448.0,0.0,0.0,0.0,10.0,7.0,0.0,0.0,0.0,0.0,0.0,0.0,7.0,0.0,0.0,0.0,0.0,0.0,223.0,225.0,0.0,0.0,0.0,0.0,0.0,0.0,17.0,0.0,0.0,0.0,0.0,0.0,0.0,0.0,0.0,0.0,0.0,17.0,448.0,0.0,0.0,0.0,0.0,0.0,0.0,0.0,0.0,0.0,0.0,448.0,0.0,286.0,13.0
17605625AR,7190,AR,AR,2025,HAZEN GAS CO,HAZEN GAS CO,HAZEN NATURAL GAS CO,Municipal Owned,matched,,primary,1,1,1,no,yes,HAZEN GAS CO,eia:17605625AR,,,,,,,,,,,,,,,,,,,17.0,448.0,0.0,0.0,0.0,10.0,7.0,0.0,0.0,0.0,0.0,0.0,0.0,7.0,0.0,0.0,0.0,0.0,0.0,223.0,225.0,0.0,0.0,0.0,0.0,0.0,0.0,17.0,0.0,0.0,0.0,0.0,0.0,0.0,0.0,0.0,0.0,0.0,17.0,448.0,0.0,0.0,0.0,0.0,0.0,0.0,0.0,0.0,0.0,0.0,448.0,1.0,336.0,13.0
17605017AR,,,AR,1997,LOGAN TWP GAS USERS ASSN,LOGAN TWP GAS USERS ASSN,,,eia_only,,,,0,1,,yes,LOGAN TWP GAS USERS ASSOCIATION,eia:17605017AR,5878.0,19154.0,75.0,729.0,1615.0,3.0,,,,,,,,,,6607.0,6607.0,,,,,,,,,,,,,,,,,,,,,,,,,,,,,,,,,,,,,,,,,,,,,,,,,,,,,,,
17605017AR,,,AR,1998,LOGAN TWP GAS USERS ASSN,LOGAN TWP GAS USERS ASSN,,,eia_only,,,,0,1,,yes,LOGAN TWP GAS USERS ASSOCIATION,eia:17605017AR,5420.0,14033.0,67.0,951.0,2339.0,4.0,,,,,,,,,,6372.0,6371.0,,,,,,,,,,,,,,,,,,,,,,,,,,,,,,,,,,,,,,,,,,,,,,,,,,,,,,,
17605017AR,,,AR,1999,LOGAN TWP GAS USERS ASSN,LOGAN TWP GAS USERS ASSN,,,eia_only,,,,0,1,,yes,LOGAN TWP GAS USERS ASSOCIATION,eia:17605017AR,4764.0,10719.0,68.0,887.0,1995.0,5.0,324.0,729.0,1.0,,,,,,,5975.0,5975.0,,,,,,,,,,,,,,,,,,,,,,,,,,,,,,,,,,,,,,,,,,,,,,,,,,,,,,,
17605017AR,,,AR,2000,LOGAN TWP GAS USERS ASSN,LOGAN TWP GAS USERS ASSN,,,eia_only,,,,0,1,,yes,LOGAN TWP GAS USERS ASSOCIATION,eia:17605017AR,4481.0,10649.0,71.0,535.0,1271.0,4.0,2415.0,5739.0,4.0,,,,,,,7431.0,7431.0,,,,,,,,,,,,,,,,,,,,,,,,,,,,,,,,,,,,,,,,,,,,,,,,,,,,,,,
17605017AR,,,AR,2003,LOGAN TWP GAS USERS ASSN,LOGAN TWP GAS USERS ASSN,,,eia_only,,,,0,1,,yes,LOGAN TWP GAS USERS ASSOCIATION,eia:17605017AR,5143.0,16643.0,72.0,792.0,1854.0,4.0,1050.0,2434.0,3.0,,,,,,,6999.0,6985.0,,,,,,,,,,,,,,,,,,,,,,,,,,,,,,,,,,,,,,,,,,,,,,,,,,,,,,,
17605017AR,11652,AR,AR,2004,LOGAN TWP GAS USERS ASSN,LOGAN TWP GAS USERS ASSN,LOGAN TOWNSHIP GAS USERS ASSOC INC,nan,matched,,primary,1,1,1,no,yes,LOGAN TWP GAS USERS ASSOCIATION,eia:17605017AR,4342.0,8792.0,73.0,585.0,1184.0,4.0,514.0,1040.0,3.0,,,,,,,5441.0,5441.0,,7.0,88.0,0.0,0.0,0.0,0.0,7.0,0.0,0.0,,0.0,0.0,0.0,7.0,0.0,0.0,0.0,0.0,0.0,0.0,88.0,0.0,0.0,,0.0,0.0,0.0,0.0,0.0,0.0,0.0,0.0,6.0,0.0,0.0,1.0,,,7.0,0.0,0.0,0.0,0.0,0.0,80.0,0.0,4.0,4.0,,,88.0,,,1.0
17605017AR,11652,AR,AR,2005,LOGAN TWP GAS USERS ASSN,LOGAN TWP GAS USERS ASSN,LOGAN TOWNSHIP GAS USERS ASSOC INC,nan,matched,,primary,1,1,1,no,yes,LOGAN TWP GAS USERS ASSOCIATION,eia:17605017AR,3311.0,12927.0,66.0,1814.0,1724.0,4.0,906.0,1668.0,2.0,,,,,,,6031.0,6031.0,,7.05,88.0,0.0,0.0,0.0,0.0,7.05,0.0,0.0,,0.0,0.0,0.0,7.0,0.0,0.0,0.0,0.0,0.0,0.0,88.0,0.0,0.0,,0.0,0.0,0.0,0.05,0.0,0.0,0.0,0.0,6.0,0.0,0.0,1.0,,,7.05,0.0,0.0,0.0,0.0,0.0,80.0,0.0,4.0,4.0,,,88.0,,,1.0
17605017AR,11652,AR,AR,2006,LOGAN TWP GAS USERS ASSN,LOGAN TWP GAS USERS ASSN,LOGAN TOWNSHIP GAS USERS ASSOC INC,nan,matched,,primary,1,1,1,no,yes,LOGAN TWP GAS USERS ASSOCIATION,eia:17605017AR,5873.0,19828.0,74.0,1083.0,1914.0,5.0,753.0,1683.0,2.0,,,,,,,7709.0,7709.0,,7.05,81.0,0.0,0.02,0.02,0.01,7.0,0.0,0.0,,0.0,0.0,0.0,7.0,0.0,0.0,0.0,0.0,0.0,0.0,81.0,0.0,0.0,,0.0,0.0,0.0,0.0,0.0,0.0,0.0,0.0,6.05,0.0,0.0,1.0,,,7.05,0.0,0.0,0.0,0.0,0.0,73.0,0.0,4.0,4.0,,,81.0,,,1.0
17605017AR,11652,AR,AR,2007,LOGAN TWP GAS USERS ASSN,LOGAN TWP GAS USERS ASSN,LOGAN TOWNSHIP GAS USERS ASSOC INC,nan,matched,,primary,1,1,1,no,yes,LOGAN TWP GAS USERS ASSOCIATION,eia:17605017AR,4560.0,21484.0,77.0,1236.0,2528.0,5.0,723.0,2017.0,2.0,,,,,,,6519.0,6519.0,,7.041,88.0,0.0,0.02,0.02,0.001,7.0,0.0,0.0,,0.0,0.0,0.0,7.0,0.0,0.0,0.0,0.0,0.0,0.0,88.0,0.0,0.0,,0.0,0.0,0.0,0.0,0.0,0.0,0.0,0.0,6.5,0.0,0.0,1.0,,,7.5,0.0,0.0,0.0,0.0,0.0,80.0,0.0,4.0,4.0,,,88.0,,,1.0
17605017AR,11652,AR,AR,2008,LOGAN TWP GAS USERS ASSN,LOGAN TWP GAS USERS ASSN,LOGAN TOWNSHIP GAS USERS ASSOC INC,nan,matched,,primary,1,1,1,no,yes,LOGAN TWP GAS USERS ASSOCIATION,eia:17605017AR,5580.0,22265.0,76.0,944.0,3766.0,5.0,723.0,2885.0,2.0,,,,,,,7247.0,7247.0,,7.041,88.0,0.0,0.02,0.02,0.001,7.0,0.0,0.0,,0.0,0.0,0.0,7.0,0.0,0.0,0.0,0.0,0.0,0.0,88.0,0.0,0.0,,0.0,0.0,0.0,0.0,0.0,0.0,0.0,0.0,6.05,0.0,0.0,1.0,,,7.05,0.0,0.0,0.0,0.0,0.0,80.0,0.0,4.0,4.0,,,88.0,,,1.0
17605017AR,11652,AR,AR,2009,LOGAN TWP GAS USERS ASSN,LOGAN TWP GAS USERS ASSN,LOGAN TOWNSHIP GAS USERS ASSOC INC,nan,matched,,primary,1,1,1,no,yes,LOGAN TWP GAS USERS ASSOCIATION,eia:17605017AR,5561.0,22190.0,76.0,922.0,3678.0,5.0,712.0,2840.0,2.0,,,,,,,7195.0,7195.0,,7.041,88.0,0.0,0.02,0.02,0.001,7.0,0.0,0.0,,0.0,0.0,0.0,7.0,0.0,0.0,0.0,0.0,0.0,0.0,88.0,0.0,0.0,,0.0,0.0,0.0,0.0,0.0,0.0,0.0,0.0,6.05,0.0,0.0,1.0,,,7.05,0.0,0.0,0.0,0.0,0.0,80.0,0.0,4.0,4.0,,,88.0,,,1.0
17605017AR,,,AR,2010,LOGAN TWP GAS USERS ASSN,LOGAN TWP GAS USERS ASSN,,,eia_only,,,,0,1,,yes,LOGAN TWP GAS USERS ASSOCIATION,eia:17605017AR,7355.0,26781.0,65.0,556.0,1964.0,4.0,419.0,1428.0,1.0,,,,,,,8331.0,8340.0,10.0,,,,,,,,,,,,,,,,,,,,,,,,,,,,,,,,,,,,,,,,,,,,,,,,,,,,,,
17605017AR,,,AR,2011,LOGAN TWP GAS USERS ASSN,LOGAN TWP GAS USERS ASSN,,,eia_only,,,,0,1,,yes,LOGAN TWP GAS USERS ASSOCIATION,eia:17605017AR,5859.0,20620.0,65.0,483.0,1376.0,5.0,345.0,1227.0,1.0,,,,,,,6687.0,6694.0,7.0,,,,,,,,,,,,,,,,,,,,,,,,,,,,,,,,,,,,,,,,,,,,,,,,,,,,,,
17605017AR,,,AR,2012,LOGAN TWP GAS USERS ASSN,LOGAN TWP GAS USERS ASSN,,,eia_only,,,,0,1,,yes,LOGAN TWP GAS USERS ASSOCIATION,eia:17605017AR,4936.0,20169.0,75.0,338.0,1380.0,5.0,,,,,,,,,,5274.0,5287.0,13.0,,,,,,,,,,,,,,,,,,,,,,,,,,,,,,,,,,,,,,,,,,,,,,,,,,,,,,
17605017AR,11652,AR,AR,2013,LOGAN TWP GAS USERS ASSN,LOGAN TWP GAS USERS ASSN,LOGAN TOWNSHIP GAS USERS ASSOC INC,nan,matched,,primary,1,1,1,no,yes,LOGAN TWP GAS USERS ASSOCIATION,eia:17605017AR,6034.0,22927.0,76.0,542.0,2050.0,5.0,,,,,,,,,,6576.0,6588.0,12.0,7.05,81.0,0.0,0.02,0.02,0.01,7.0,0.0,0.0,,0.0,0.0,0.0,7.0,0.0,0.0,0.0,0.0,81.0,0.0,0.0,0.0,0.0,,0.0,0.0,0.0,0.0,0.0,0.0,0.0,0.0,0.0,0.0,0.0,0.0,7.05,,7.05,0.0,0.0,0.0,0.0,0.0,0.0,0.0,0.0,0.0,81.0,,81.0,0.0,0.0,1.0
17605017AR,11652,AR,AR,2014,LOGAN TWP GAS USERS ASSN,LOGAN TWP GAS USERS ASSN,LOGAN TOWNSHIP GAS USERS ASSOC INC,nan,matched,,primary,1,1,1,no,yes,LOGAN TWP GAS USERS ASSOCIATION,eia:17605017AR,4705.0,27681.0,73.0,386.0,2271.0,4.0,,,,,,,,,,5091.0,5099.0,8.0,7.05,79.0,0.0,0.02,0.02,0.01,7.0,0.0,0.0,,0.0,0.0,0.0,7.0,0.0,0.0,0.0,0.0,79.0,0.0,0.0,0.0,0.0,,0.0,0.0,0.0,0.0,0.0,0.0,0.0,0.0,0.0,0.0,0.0,0.0,7.05,,7.05,0.0,0.0,0.0,0.0,0.0,0.0,0.0,0.0,0.0,79.0,,79.0,1.0,0.0,2.4
17605017AR,11652,AR,AR,2015,LOGAN TWP GAS USERS ASSN,LOGAN TWP GAS USERS ASSN,LOGAN TOWNSHIP GAS USERS ASSOC INC,Cooperative,matched,,primary,1,1,1,no,yes,LOGAN TWP GAS USERS ASSOCIATION,eia:17605017AR,4669.0,24460.0,67.0,586.0,3070.0,4.0,,,,,,,,,,5523.0,5523.0,268.0,7.05,79.0,0.0,0.02,0.02,0.01,7.0,0.0,0.0,,0.0,0.0,0.0,7.0,0.0,0.0,0.0,0.0,79.0,0.0,0.0,0.0,0.0,,0.0,0.0,0.0,0.0,0.0,0.0,0.0,0.0,0.0,0.0,0.0,0.0,7.05,,7.05,0.0,0.0,0.0,0.0,0.0,0.0,0.0,0.0,0.0,79.0,,79.0,0.0,3.0,4.0
17605017AR,11652,AR,AR,2016,LOGAN TWP GAS USERS ASSN,LOGAN TWP GAS USERS ASSN,LOGAN TOWNSHIP GAS USERS ASSOC INC,Cooperative,matched,,primary,1,1,1,no,yes,LOGAN TWP GAS USERS ASSOCIATION,eia:17605017AR,3775.0,20931.0,64.0,435.0,2406.0,4.0,,,,,,,,,,4220.0,4220.0,10.0,7.05,79.0,0.0,0.02,0.02,0.01,7.0,0.0,0.0,,0.0,0.0,0.0,7.0,0.0,0.0,0.0,0.0,79.0,0.0,0.0,0.0,0.0,,0.0,0.0,0.0,0.0,0.0,0.0,0.0,0.0,0.0,0.0,0.0,0.0,7.05,,7.05,0.0,0.0,0.0,0.0,0.0,0.0,0.0,0.0,0.0,79.0,,79.0,0.0,0.0,1.0
17605017AR,11652,AR,AR,2017,LOGAN TWP GAS USERS ASSN,LOGAN TWP GAS USERS ASSN,LOGAN TOWNSHIP GAS USERS ASSOC INC,Cooperative,matched,,primary,1,1,1,no,yes,LOGAN TWP GAS USERS ASSOCIATION,eia:17605017AR,3584.0,20840.0,67.0,404.0,2060.0,4.0,,,,,,,,,,3988.0,3996.0,8.0,7.05,79.0,,0.02,0.02,0.01,7.0,,0.0,,,,,7.0,0.0,0.0,,10.0,69.0,,,,0.0,,,,,0.0,0.0,0.0,0.0,0.0,6.0,0.0,0.0,1.05,0.0,,7.05,0.0,0.0,0.0,0.0,0.0,0.0,0.0,0.0,0.0,79.0,,79.0,0.0,0.0,1.0
17605017AR,11652,AR,AR,2018,LOGAN TWP GAS USERS ASSN,LOGAN TWP GAS USERS ASSN,LOGAN TOWNSHIP GAS USERS ASSOC INC,Cooperative,matched,,primary,1,1,1,no,yes,LOGAN TWP GAS USERS ASSOCIATION,eia:17605017AR,4960.0,24941.0,66.0,406.0,1956.0,4.0,,,,,,,,,,5366.0,5384.0,18.0,7.05,79.0,,0.02,0.02,0.01,7.0,0.0,0.0,0.0,0.0,0.0,0.0,7.0,0.0,0.0,,10.0,69.0,,0.0,0.0,0.0,0.0,0.0,0.0,0.0,0.0,0.0,0.0,0.0,0.0,0.0,0.0,0.0,0.0,7.05,,7.05,0.0,0.0,0.0,0.0,0.0,0.0,0.0,0.0,0.0,79.0,,79.0,0.0,0.0,1.0
17605017AR,11652,AR,AR,2019,LOGAN TWP GAS USERS ASSN,LOGAN TWP GAS USERS ASSN,LOGAN TOWNSHIP GAS USERS ASSOC INC,Cooperative,matched,,primary,1,1,1,no,yes,LOGAN TWP GAS USERS ASSOCIATION,eia:17605017AR,4967.0,24196.0,61.0,498.0,2401.0,5.0,,,,,,,,,,5465.0,5484.0,19.0,7.05,79.0,,0.02,0.02,0.01,7.0,0.0,0.0,0.0,0.0,0.0,0.0,7.0,0.0,0.0,,10.0,69.0,,0.0,0.0,0.0,0.0,0.0,0.0,0.0,0.0,0.0,0.0,0.0,0.0,0.0,0.0,0.0,0.0,7.05,,7.05,0.0,0.0,0.0,0.0,0.0,0.0,0.0,0.0,0.0,79.0,,79.0,0.0,0.0,1.0
17605017AR,11652,AR,AR,2020,LOGAN TWP GAS USERS ASSN,LOGAN TWP GAS USERS ASSN,LOGAN TOWNSHIP GAS USERS ASSOC INC,Cooperative,matched,,primary,1,1,1,no,yes,LOGAN TWP GAS USERS ASSOCIATION,eia:17605017AR,6246.0,22604.0,62.0,421.0,2145.0,5.0,,,,,,,,,,6667.0,6685.0,18.0,7.05,79.0,,0.02,0.02,0.01,7.0,0.0,0.0,0.0,0.0,0.0,0.0,7.0,0.0,0.0,,10.0,69.0,,0.0,0.0,0.0,0.0,0.0,0.0,0.0,0.0,0.0,0.0,0.0,0.0,0.0,0.0,0.0,0.0,7.05,0.0,7.05,0.0,0.0,0.0,0.0,0.0,0.0,0.0,0.0,0.0,79.0,0.0,79.0,0.0,0.0,10.0
17605017AR,11652,AR,AR,2021,LOGAN TWP GAS USERS ASSN,LOGAN TWP GAS USERS ASSN,LOGAN TOWNSHIP GAS USERS ASSOC INC,Cooperative,matched,,primary,1,1,1,no,yes,LOGAN TWP GAS USERS ASSOCIATION,eia:17605017AR,4441.0,21784.0,61.0,414.0,2090.0,5.0,,,,,,,,,,4854.0,4871.0,16.0,7.0,68.0,0.0,0.0,0.0,0.0,7.0,0.0,0.0,0.0,0.0,0.0,0.0,7.0,0.0,0.0,0.0,0.0,0.0,0.0,68.0,0.0,0.0,0.0,0.0,0.0,0.0,0.0,0.0,0.0,0.0,0.0,6.0,0.0,1.0,0.0,0.0,0.0,7.0,0.0,0.0,0.0,0.0,0.0,62.0,0.0,6.0,0.0,0.0,0.0,68.0,0.0,1.0,1.0
17605017AR,11652,AR,AR,2022,LOGAN TWP GAS USERS ASSN,LOGAN TWP GAS USERS ASSN,LOGAN TOWNSHIP GAS USERS ASSOC INC,Cooperative,matched,,primary,1,1,1,no,yes,LOGAN TWP GAS USERS ASSOCIATION,eia:17605017AR,4705.0,23087.0,54.0,602.0,2953.0,5.0,,,,,,,,,,5307.0,5329.0,22.0,7.0,68.0,0.0,0.0,0.0,0.0,7.0,0.0,0.0,0.0,0.0,0.0,0.0,7.0,0.0,0.0,0.0,0.0,0.0,0.0,68.0,0.0,0.0,0.0,0.0,0.0,0.0,0.0,0.0,0.0,0.0,0.0,6.0,0.0,1.0,0.0,0.0,0.0,7.0,0.0,0.0,0.0,0.0,0.0,62.0,0.0,6.0,0.0,0.0,0.0,68.0,0.0,0.0,1.0
17605017AR,11652,AR,AR,2023,LOGAN TWP GAS USERS ASSN,LOGAN TWP GAS USERS ASSN,LOGAN TOWNSHIP GAS USERS ASSOC INC,Cooperative,matched,,primary,1,1,1,no,yes,LOGAN TWP GAS USERS ASSOCIATION,eia:17605017AR,3866.0,31561.0,66.0,488.0,3640.0,5.0,,,,,,,,,,4354.0,4389.0,35.0,7.0,68.0,0.0,0.0,0.0,0.0,7.0,0.0,0.0,0.0,0.0,0.0,0.0,7.0,0.0,0.0,0.0,0.0,0.0,0.0,68.0,0.0,0.0,0.0,0.0,0.0,0.0,0.0,0.0,0.0,0.0,0.0,6.0,0.0,1.0,0.0,0.0,0.0,7.0,0.0,0.0,0.0,0.0,0.0,62.0,0.0,6.0,0.0,0.0,0.0,68.0,0.0,25.0,1.0
17605017AR,11652,AR,AR,2024,LOGAN TWP GAS USERS ASSN,LOGAN TWP GAS USERS ASSN,LOGAN TOWNSHIP GAS USERS ASSOC INC,Cooperative,matched,,primary,1,1,1,no,yes,LOGAN TWP GAS USERS ASSOCIATION,eia:17605017AR,3698.0,32792.0,57.0,486.0,3768.0,5.0,,,,,,,,,,4184.0,4207.0,23.0,7.0,68.0,0.0,0.0,0.0,0.0,7.0,0.0,0.0,0.0,0.0,0.0,0.0,7.0,0.0,0.0,0.0,0.0,0.0,0.0,68.0,0.0,0.0,0.0,0.0,0.0,0.0,0.0,0.0,0.0,0.0,0.0,6.0,0.0,1.0,0.0,0.0,0.0,7.0,0.0,0.0,0.0,0.0,0.0,62.0,0.0,6.0,0.0,0.0,0.0,68.0,2.0,1.0,1.0
17605017AR,11652,AR,AR,2025,LOGAN TWP GAS USERS ASSN,LOGAN TWP GAS USERS ASSN,LOGAN TOWNSHIP GAS USERS ASSOC INC,Cooperative,matched,,primary,1,1,1,no,yes,LOGAN TWP GAS USERS ASSOCIATION,eia:17605017AR,,,,,,,,,,,,,,,,,,,7.5,74.0,,,,,7.5,0.0,0.0,0.0,0.0,0.0,0.0,7.5,0.0,0.0,,,,,74.0,0.0,0.0,0.0,0.0,0.0,0.0,0.0,0.0,0.0,0.0,0.0,7.0,0.0,0.5,0.0,0.0,0.0,7.5,0.0,0.0,0.0,0.0,0.0,74.0,0.0,0.0,0.0,0.0,0.0,74.0,0.0,1.0,0.1
17610276AR,13610,AR,AR,1997,NORTH CROSSETT UTILITIES GAS & WATER,NORTH CROSSETT UTILITIES GAS & WATER,NORTH CROSSETT GAS & WATER,nan,matched,,primary,1,1,1,no,yes,NORTH CROSSETT GAS & WATER CO,eia:17610276AR,43947.0,314033.0,934.0,8501.0,54514.0,64.0,5296.0,33954.0,8.0,,,,,,,62923.0,57744.0,,29.0,1006.0,0.0,0.0,0.0,27.0,2.0,0.0,0.0,,0.0,0.0,0.0,2.0,0.0,0.0,0.0,0.0,0.0,720.0,286.0,0.0,0.0,,0.0,0.0,0.0,,,,,,,,,,,,,,,,,,,,,,,,,,,7.0
17610276AR,13610,AR,AR,1998,NORTH CROSSETT UTILITIES GAS & WATER,NORTH CROSSETT UTILITIES GAS & WATER,NORTH CROSSETT GAS & WATER,nan,matched,,primary,1,1,1,no,yes,NORTH CROSSETT GAS & WATER CO,eia:17610276AR,40902.0,336950.0,912.0,85991.0,632345.0,82.0,56116.0,400697.0,8.0,,,,,,,591320.0,183009.0,,29.0,1002.0,0.0,0.0,0.0,27.0,2.0,0.0,0.0,,0.0,0.0,0.0,2.0,0.0,0.0,0.0,0.0,0.0,717.0,285.0,0.0,0.0,,0.0,0.0,0.0,,,,,,,,,,,,,,,,,,,,,,,,,,,7.0
17610276AR,13610,AR,AR,1999,NORTH CROSSETT UTILITIES GAS & WATER,NORTH CROSSETT UTILITIES GAS & WATER,NORTH CROSSETT GAS & WATER,nan,matched,,primary,1,1,1,no,yes,NORTH CROSSETT GAS & WATER CO,eia:17610276AR,38696.0,323599.0,905.0,82509.0,625863.0,83.0,50322.0,358641.0,8.0,,,,,,,175449.0,171527.0,,29.0,1352.0,0.0,0.0,0.0,27.0,2.0,0.0,0.0,,0.0,0.0,0.0,2.0,0.0,0.0,0.0,0.0,0.0,1067.0,285.0,0.0,0.0,,0.0,0.0,0.0,,,,,,,,,,,,,,,,,,,,,,,,,,,5.0
17610276AR,13610,AR,AR,2000,NORTH CROSSETT UTILITIES GAS & WATER,NORTH CROSSETT UTILITIES GAS & WATER,NORTH CROSSETT GAS & WATER,nan,matched,,primary,1,1,1,no,yes,NORTH CROSSETT GAS & WATER CO,eia:17610276AR,40652.0,346519.0,888.0,78739.0,634636.0,84.0,45435.0,336219.0,8.0,,,,,,,164826.0,164826.0,,29.0,1359.0,0.0,0.0,0.0,27.0,2.0,0.0,0.0,,0.0,0.0,0.0,2.0,0.0,0.0,0.0,0.0,0.0,1062.0,297.0,0.0,0.0,,0.0,0.0,0.0,,,,,,,,,,,,,,,,,,,,,,,,,,,3.0
17610276AR,13610,AR,AR,2001,NORTH CROSSETT UTILITIES GAS & WATER,NORTH CROSSETT UTILITIES GAS & WATER,NORTH CROSSETT GAS & WATER,nan,matched,,primary,1,1,1,no,yes,NORTH CROSSETT GAS & WATER CO,eia:17610276AR,41431.0,553209.0,873.0,8860.0,114339.0,83.0,5507.0,65858.0,8.0,,,,,,,57255.0,55798.0,,29.0,1359.0,0.0,0.0,0.0,27.0,2.0,0.0,0.0,,0.0,0.0,0.0,2.0,0.0,0.0,0.0,0.0,0.0,1062.0,297.0,0.0,0.0,,0.0,0.0,0.0,,,,,,,,,,,,,,,,,,,,,,,,,,,4.7
17610276AR,13610,AR,AR,2002,NORTH CROSSETT UTILITIES GAS & WATER,NORTH CROSSETT UTILITIES GAS & WATER,NORTH CROSSETT GAS & WATER,nan,matched,,primary,1,1,1,no,yes,NORTH CROSSETT GAS & WATER CO,eia:17610276AR,40059.0,478753.0,866.0,8330.0,92630.0,83.0,5702.0,59963.0,8.0,,,,,,,58775.0,54091.0,,29.0,1359.0,0.0,0.0,0.0,27.0,2.0,0.0,0.0,,0.0,0.0,0.0,2.0,0.0,0.0,0.0,0.0,0.0,1062.0,297.0,0.0,0.0,,0.0,0.0,0.0,,,,,,,,,,,,,,,,,,,,,,,,,,,9.0
17610276AR,13610,AR,AR,2003,NORTH CROSSETT UTILITIES GAS & WATER,NORTH CROSSETT UTILITIES GAS & WATER,NORTH CROSSETT GAS & WATER,nan,matched,,primary,1,1,1,no,yes,NORTH CROSSETT GAS & WATER CO,eia:17610276AR,35835.0,436862.0,845.0,7424.0,89074.0,83.0,4601.0,51863.0,8.0,,,,,,,57009.0,47860.0,,29.0,1359.0,0.0,0.0,0.0,27.0,2.0,0.0,0.0,,0.0,0.0,0.0,2.0,0.0,0.0,0.0,0.0,0.0,1062.0,297.0,0.0,0.0,,0.0,0.0,0.0,,,,,,,,,,,,,,,,,,,,,,,,,,,7.0
17610276AR,13610,AR,AR,2004,NORTH CROSSETT UTILITIES GAS & WATER,NORTH CROSSETT UTILITIES GAS & WATER,NORTH CROSSETT GAS & WATER,nan,matched,,primary,1,1,1,no,yes,NORTH CROSSETT GAS & WATER CO,eia:17610276AR,32684.0,420537.0,801.0,6333.0,81063.0,83.0,3848.0,46342.0,8.0,,,,,,,50029.0,42865.0,,29.0,1359.0,0.0,0.0,0.0,27.0,2.0,0.0,0.0,,0.0,0.0,0.0,2.0,0.0,0.0,0.0,0.0,0.0,1062.0,297.0,0.0,0.0,,0.0,0.0,0.0,29.0,0.0,0.0,0.0,0.0,0.0,0.0,0.0,0.0,,,29.0,1359.0,0.0,0.0,0.0,0.0,0.0,0.0,0.0,0.0,,,1359.0,,,8.0
17610276AR,13610,AR,AR,2005,NORTH CROSSETT UTILITIES GAS & WATER,NORTH CROSSETT UTILITIES GAS & WATER,NORTH CROSSETT GAS & WATER,nan,matched,,primary,1,1,1,no,yes,NORTH CROSSETT GAS & WATER CO,eia:17610276AR,30527.0,460979.0,782.0,6198.0,90070.0,83.0,3380.0,43928.0,8.0,,,,,,,43301.0,40105.0,,29.0,1359.0,0.0,0.0,0.0,27.0,2.0,0.0,0.0,,0.0,0.0,0.0,2.0,0.0,0.0,0.0,0.0,0.0,1062.0,297.0,0.0,0.0,,0.0,0.0,0.0,29.0,0.0,0.0,0.0,0.0,0.0,0.0,0.0,0.0,,,29.0,1359.0,0.0,0.0,0.0,0.0,0.0,0.0,0.0,0.0,,,1359.0,,,4.0
17610276AR,13610,AR,AR,2006,NORTH CROSSETT UTILITIES GAS & WATER,NORTH CROSSETT UTILITIES GAS & WATER,NORTH CROSSETT GAS & WATER,nan,matched,,primary,1,1,1,no,yes,NORTH CROSSETT GAS & WATER CO,eia:17610276AR,28104.0,548952.0,757.0,5714.0,108060.0,83.0,1321.0,23832.0,8.0,,,,,,,38233.0,35139.0,,29.0,844.0,0.0,0.0,0.0,27.0,2.0,0.0,0.0,,0.0,0.0,0.0,2.0,0.0,0.0,0.0,0.0,0.0,760.0,84.0,0.0,0.0,,0.0,0.0,0.0,29.0,0.0,0.0,0.0,0.0,0.0,0.0,0.0,0.0,,,29.0,844.0,0.0,0.0,0.0,0.0,0.0,0.0,0.0,0.0,,,844.0,,,8.0
17610276AR,13610,AR,AR,2007,NORTH CROSSETT UTILITIES GAS & WATER,NORTH CROSSETT UTILITIES GAS & WATER,NORTH CROSSETT GAS & WATER,nan,matched,,primary,1,1,1,no,yes,NORTH CROSSETT GAS & WATER CO,eia:17610276AR,25513.0,512479.0,757.0,5318.0,103102.0,83.0,1109.0,20643.0,8.0,,,,,,,37432.0,31940.0,,29.0,813.0,0.0,0.0,0.0,27.0,2.0,0.0,0.0,,0.0,0.0,0.0,2.0,0.0,0.0,0.0,0.0,0.0,724.0,89.0,0.0,0.0,,0.0,0.0,0.0,29.0,0.0,0.0,0.0,0.0,0.0,0.0,0.0,0.0,,,29.0,813.0,0.0,0.0,0.0,0.0,0.0,0.0,0.0,0.0,,,813.0,,,6.0
17610276AR,13610,AR,AR,2008,NORTH CROSSETT UTILITIES GAS & WATER,NORTH CROSSETT UTILITIES GAS & WATER,NORTH CROSSETT GAS & WATER,nan,matched,,primary,1,1,1,no,yes,NORTH CROSSETT GAS & WATER CO,eia:17610276AR,28484.0,608392.0,706.0,6008.0,122431.0,64.0,898.0,18082.0,7.0,,,,,,,38116.0,35390.0,,29.0,777.0,0.0,0.0,0.0,27.0,2.0,0.0,0.0,,0.0,0.0,0.0,2.0,0.0,0.0,0.0,0.0,0.0,600.0,177.0,0.0,0.0,,0.0,0.0,0.0,0.0,0.0,0.0,0.0,15.0,5.0,9.0,0.0,0.0,,,29.0,0.0,0.0,0.0,0.0,500.0,100.0,100.0,70.0,7.0,,,777.0,,,5.0
17610276AR,13610,AR,AR,2009,NORTH CROSSETT UTILITIES GAS & WATER,NORTH CROSSETT UTILITIES GAS & WATER,NORTH CROSSETT GAS & WATER,nan,matched,,primary,1,1,1,no,yes,NORTH CROSSETT GAS & WATER CO,eia:17610276AR,24499.0,527099.0,702.0,5576.0,107173.0,60.0,865.0,16927.0,7.0,,,,,,,34909.0,30940.0,,29.0,767.0,0.0,0.0,0.0,27.0,2.0,0.0,0.0,,0.0,0.0,0.0,2.0,0.0,0.0,0.0,0.0,0.0,600.0,167.0,0.0,0.0,,0.0,0.0,0.0,0.0,0.0,0.0,0.0,15.0,5.0,9.0,0.0,0.0,,,29.0,0.0,0.0,0.0,0.0,500.0,100.0,100.0,60.0,7.0,,,767.0,,,3.0
17610276AR,,,AR,2010,NORTH CROSSETT UTILITIES GAS & WATER,NORTH CROSSETT UTILITIES GAS & WATER,,,eia_only,,,,0,1,,yes,NORTH CROSSETT GAS & WATER CO,eia:17610276AR,27181.0,474174.0,691.0,6905.0,104138.0,41.0,1545.0,22064.0,8.0,,,,,,,40868.0,35673.0,42.0,,,,,,,,,,,,,,,,,,,,,,,,,,,,,,,,,,,,,,,,,,,,,,,,,,,,,,
17610276AR,13610,AR,AR,2011,NORTH CROSSETT UTILITIES GAS & WATER,NORTH CROSSETT UTILITIES GAS & WATER,NORTH CROSSETT GAS & WATER,nan,matched,,primary,1,1,1,no,yes,NORTH CROSSETT GAS & WATER CO,eia:17610276AR,21662.0,417289.0,722.0,6131.0,88615.0,37.0,1062.0,24132.0,8.0,,,,,,,35934.0,28887.0,32.0,29.0,767.0,0.0,0.0,0.0,27.0,2.0,0.0,0.0,,0.0,0.0,0.0,2.0,0.0,0.0,0.0,0.0,0.0,642.0,125.0,0.0,0.0,,0.0,0.0,0.0,0.0,0.0,0.0,0.0,15.0,5.0,9.0,0.0,0.0,0.0,,29.0,0.0,0.0,0.0,0.0,500.0,100.0,100.0,60.0,7.0,0.0,,767.0,0.0,0.0,6.0
17610276AR,13610,AR,AR,2012,NORTH CROSSETT UTILITIES GAS & WATER,NORTH CROSSETT UTILITIES GAS & WATER,NORTH CROSSETT GAS & WATER,nan,matched,,primary,1,1,1,no,yes,NORTH CROSSETT GAS & WATER CO,eia:17610276AR,18533.0,323447.0,665.0,5027.0,75579.0,45.0,1146.0,16716.0,8.0,,,,,,,28884.0,24768.0,62.0,29.0,767.0,0.0,0.0,0.0,27.0,2.0,0.0,0.0,,0.0,0.0,0.0,2.0,0.0,0.0,0.0,0.0,0.0,642.0,125.0,0.0,0.0,,0.0,0.0,0.0,0.0,0.0,0.0,0.0,15.0,5.0,9.0,0.0,0.0,0.0,,29.0,0.0,0.0,0.0,0.0,500.0,100.0,100.0,60.0,7.0,0.0,,767.0,2.0,0.0,0.9
17610276AR,13610,AR,AR,2013,NORTH CROSSETT UTILITIES GAS & WATER,NORTH CROSSETT UTILITIES GAS & WATER,NORTH CROSSETT GAS & WATER,nan,matched,,primary,1,1,1,no,yes,NORTH CROSSETT GAS & WATER CO,eia:17610276AR,23800.0,411186.0,628.0,5542.0,82968.0,53.0,3234.0,44960.0,7.0,,,,,,,37527.0,34076.0,1500.0,29.0,767.0,0.0,0.0,0.0,27.0,2.0,0.0,0.0,,0.0,0.0,0.0,2.0,0.0,0.0,0.0,0.0,0.0,642.0,125.0,0.0,0.0,,0.0,0.0,0.0,0.0,0.0,0.0,0.0,15.0,5.0,9.0,0.0,0.0,0.0,,29.0,0.0,0.0,0.0,0.0,500.0,100.0,100.0,60.0,7.0,0.0,,767.0,0.0,31.0,6.0
17610276AR,13610,AR,AR,2014,NORTH CROSSETT UTILITIES GAS & WATER,NORTH CROSSETT UTILITIES GAS & WATER,NORTH CROSSETT GAS & WATER,nan,matched,,primary,1,1,1,no,yes,NORTH CROSSETT GAS & WATER CO,eia:17610276AR,26400.0,440694.0,630.0,7469.0,112094.0,54.0,4365.0,59523.0,6.0,,,,,,,40847.0,39011.0,500.0,29.0,767.0,0.0,0.0,0.0,27.0,2.0,0.0,0.0,,0.0,0.0,0.0,2.0,0.0,0.0,0.0,0.0,0.0,642.0,125.0,0.0,0.0,,0.0,0.0,0.0,0.0,0.0,0.0,0.0,15.0,5.0,9.0,0.0,0.0,0.0,,29.0,0.0,0.0,0.0,0.0,500.0,100.0,100.0,60.0,7.0,0.0,,767.0,0.0,81.0,0.06
17610276AR,13610,AR,AR,2015,NORTH CROSSETT UTILITIES GAS & WATER,NORTH CROSSETT UTILITIES GAS & WATER,NORTH CROSSETT GAS & WATER,Municipal Owned,matched,,primary,1,1,1,no,yes,NORTH CROSSETT GAS & WATER CO,eia:17610276AR,21441.0,368551.0,599.0,6753.0,102210.0,54.0,2627.0,35432.0,6.0,,,,,,,32189.0,32109.0,1288.0,29.0,767.0,0.0,0.0,0.0,27.0,2.0,0.0,0.0,,0.0,0.0,0.0,2.0,0.0,0.0,0.0,0.0,0.0,642.0,125.0,0.0,0.0,,0.0,0.0,0.0,0.0,0.0,0.0,0.0,15.0,5.0,9.0,0.0,0.0,0.0,,29.0,0.0,0.0,0.0,0.0,500.0,100.0,100.0,60.0,7.0,0.0,,767.0,0.0,75.0,6.0
17610276AR,13610,AR,AR,2016,NORTH CROSSETT UTILITIES GAS & WATER,NORTH CROSSETT UTILITIES GAS & WATER,NORTH CROSSETT GAS & WATER,Municipal Owned,matched,,primary,1,1,1,no,yes,NORTH CROSSETT GAS & WATER CO,eia:17610276AR,15111.0,297370.0,578.0,6643.0,101548.0,53.0,1992.0,28553.0,6.0,,,,,,,29051.0,27889.0,4143.0,29.0,767.0,0.0,0.0,0.0,27.0,2.0,0.0,0.0,,0.0,0.0,0.0,2.0,0.0,0.0,0.0,0.0,0.0,642.0,125.0,0.0,0.0,,0.0,0.0,0.0,0.0,0.0,0.0,0.0,15.0,5.0,9.0,0.0,0.0,0.0,,29.0,0.0,0.0,0.0,0.0,500.0,100.0,100.0,60.0,7.0,0.0,,767.0,0.0,109.0,5.0
17610276AR,13610,AR,AR,2017,NORTH CROSSETT UTILITIES GAS & WATER,NORTH CROSSETT UTILITIES GAS & WATER,NORTH CROSSETT GAS & WATER,Municipal Owned,matched,,primary,1,1,1,no,yes,NORTH CROSSETT GAS & WATER CO,eia:17610276AR,15473.0,287046.0,566.0,5100.0,76578.0,53.0,908.0,12996.0,6.0,,,,,,,24177.0,22689.0,1208.0,29.0,767.0,0.0,0.0,0.0,27.0,2.0,0.0,0.0,,0.0,0.0,0.0,2.0,0.0,0.0,0.0,0.0,0.0,642.0,125.0,0.0,0.0,,0.0,0.0,0.0,0.0,0.0,0.0,0.0,15.0,5.0,9.0,0.0,0.0,0.0,,29.0,0.0,0.0,0.0,0.0,500.0,100.0,100.0,60.0,7.0,0.0,,767.0,0.0,110.0,5.0
17610276AR,13610,AR,AR,2018,NORTH CROSSETT UTILITIES GAS & WATER,NORTH CROSSETT UTILITIES GAS & WATER,NORTH CROSSETT GAS & WATER,Municipal Owned,matched,,primary,1,1,1,no,yes,NORTH CROSSETT GAS & WATER CO,eia:17610276AR,20438.0,356256.0,562.0,7502.0,109429.0,53.0,2000.0,27482.0,6.0,,,,,,,36322.0,32940.0,,29.0,767.0,0.0,0.0,0.0,27.0,2.0,0.0,0.0,0.0,0.0,0.0,0.0,2.0,0.0,0.0,0.0,0.0,0.0,642.0,125.0,0.0,0.0,0.0,0.0,0.0,0.0,0.0,0.0,0.0,0.0,15.0,5.0,9.0,0.0,0.0,0.0,,29.0,0.0,0.0,0.0,0.0,500.0,100.0,100.0,60.0,7.0,0.0,,767.0,0.0,90.0,10.0
17610276AR,13610,AR,AR,2019,NORTH CROSSETT UTILITIES GAS & WATER,NORTH CROSSETT UTILITIES GAS & WATER,NORTH CROSSETT GAS & WATER,Municipal Owned,matched,,primary,1,1,1,no,yes,NORTH CROSSETT GAS & WATER CO,eia:17610276AR,18743.0,331145.0,549.0,6223.0,92826.0,53.0,1433.0,20566.0,6.0,,,,,,,34168.0,28775.0,2376.0,29.0,767.0,,,,27.0,2.0,0.0,0.0,0.0,0.0,0.0,0.0,2.0,0.0,0.0,,,,642.0,125.0,0.0,0.0,0.0,0.0,0.0,0.0,0.0,0.0,0.0,0.0,15.0,5.0,9.0,0.0,0.0,0.0,,29.0,0.0,0.0,0.0,0.0,500.0,100.0,100.0,60.0,7.0,0.0,,767.0,1.0,81.0,9.0
17610276AR,13610,AR,AR,2020,NORTH CROSSETT UTILITIES GAS & WATER,NORTH CROSSETT UTILITIES GAS & WATER,NORTH CROSSETT GAS & WATER,Municipal Owned,matched,,primary,1,1,1,no,yes,NORTH CROSSETT GAS & WATER CO,eia:17610276AR,17235.0,307727.0,541.0,4790.0,73515.0,50.0,1517.0,21728.0,6.0,,,,,,,31459.0,25660.0,2118.0,29.0,767.0,,,,27.0,2.0,0.0,0.0,0.0,0.0,0.0,0.0,2.0,0.0,0.0,,,,642.0,125.0,0.0,0.0,0.0,0.0,0.0,0.0,0.0,0.0,0.0,0.0,15.0,5.0,9.0,0.0,0.0,0.0,0.0,29.0,0.0,0.0,0.0,0.0,500.0,100.0,100.0,60.0,7.0,0.0,0.0,767.0,2.0,100.0,11.0
17610276AR,13610,AR,AR,2021,NORTH CROSSETT UTILITIES GAS & WATER,NORTH CROSSETT UTILITIES GAS & WATER,NORTH CROSSETT GAS & WATER,Municipal Owned,matched,,primary,1,1,1,no,yes,NORTH CROSSETT GAS & WATER CO,eia:17610276AR,19619.0,365042.0,537.0,6056.0,83734.0,51.0,1623.0,24769.0,7.0,,,,,,,33667.0,30483.0,3185.0,29.0,767.0,,,,27.0,2.0,0.0,0.0,0.0,0.0,0.0,0.0,2.0,0.0,0.0,,,,642.0,125.0,0.0,0.0,0.0,0.0,0.0,0.0,0.0,0.0,0.0,0.0,15.0,5.0,9.0,0.0,0.0,0.0,0.0,29.0,0.0,0.0,0.0,0.0,500.0,100.0,100.0,60.0,7.0,0.0,0.0,767.0,1.0,140.0,9.0
17610276AR,13610,AR,AR,2022,NORTH CROSSETT UTILITIES GAS & WATER,NORTH CROSSETT UTILITIES GAS & WATER,NORTH CROSSETT GAS & WATER,Municipal Owned,matched,,primary,1,1,1,no,yes,NORTH CROSSETT GAS & WATER CO,eia:17610276AR,,,,,,,,,,,,,,,,,,,29.0,767.0,,,,27.0,2.0,0.0,0.0,0.0,0.0,0.0,0.0,2.0,0.0,0.0,,,,642.0,125.0,0.0,0.0,0.0,0.0,0.0,0.0,0.0,0.0,0.0,0.0,15.0,5.0,9.0,0.0,0.0,0.0,0.0,29.0,0.0,0.0,0.0,0.0,500.0,100.0,100.0,60.0,7.0,0.0,0.0,767.0,0.0,91.0,27.0
17610276AR,13610,AR,AR,2023,NORTH CROSSETT UTILITIES GAS & WATER,NORTH CROSSETT UTILITIES GAS & WATER,NORTH CROSSETT GAS & WATER,Municipal Owned,matched,,primary,1,1,1,no,yes,NORTH CROSSETT GAS & WATER CO,eia:17610276AR,14847.0,278897.0,504.0,5592.0,81864.0,50.0,1387.0,20003.0,7.0,,,,,,,31115.0,21826.0,,29.0,771.0,,,,27.0,2.0,0.0,0.0,0.0,0.0,0.0,0.0,2.0,0.0,0.0,,,,644.0,127.0,0.0,0.0,0.0,0.0,0.0,0.0,0.0,0.0,0.0,0.0,15.0,5.0,9.0,0.0,0.0,0.0,0.0,29.0,0.0,0.0,0.0,0.0,500.0,100.0,100.0,60.0,7.0,0.0,2.0,769.0,0.0,121.0,29.0
17610276AR,13610,AR,AR,2024,NORTH CROSSETT UTILITIES GAS & WATER,NORTH CROSSETT UTILITIES GAS & WATER,NORTH CROSSETT GAS & WATER,Municipal Owned,matched,,primary,1,1,1,no,yes,NORTH CROSSETT GAS & WATER CO,eia:17610276AR,14734.0,274428.0,497.0,5870.0,89332.0,58.0,1069.0,15456.0,2.0,,,,,,,25914.0,24388.0,2715.0,29.0,771.0,,,,27.0,2.0,0.0,0.0,0.0,0.0,0.0,0.0,2.0,0.0,0.0,,,,644.0,127.0,0.0,0.0,0.0,0.0,0.0,0.0,0.0,0.0,0.0,0.0,15.0,5.0,9.0,0.0,0.0,0.0,0.0,29.0,0.0,0.0,0.0,0.0,500.0,100.0,100.0,60.0,7.0,0.0,2.0,769.0,0.0,83.0,20.0
17630119AR,603,AR LA TX OK,AR,1997,SUMMIT UTILITIES ARKANSAS INC,SUMMIT UTILITIES ARKANSAS INC,"RELIANT ENERGY ARKLA, DIV OF RELIANT ENERGY RESOUR",nan,matched,,primary,1,1,1,yes,yes,CENTERPOINT ENERGY - ARKLA,eia:17630119AR,29134379.0,200720657.0,386572.0,18258896.0,95974245.0,47377.0,8528127.0,31078954.0,740.0,,,,,,,76302147.0,71994967.0,,19022.0,776175.0,484.0,65.0,1974.0,9465.0,6257.0,777.0,777.0,,0.0,0.0,0.0,6001.0,0.0,0.0,59890.0,59123.0,54652.0,388609.0,213901.0,0.0,0.0,,0.0,0.0,0.0,,,,,,,,,,,,,,,,,,,,,,,,,,,3.1
17630119AR,,,AR,1998,SUMMIT UTILITIES ARKANSAS INC,SUMMIT UTILITIES ARKANSAS INC,,,eia_only,,,,0,1,,yes,CENTERPOINT ENERGY - ARKLA,eia:17630119AR,26539475.0,185748438.0,390295.0,16909148.0,87228511.0,48591.0,8293088.0,28278674.0,710.0,,,,,,,71478021.0,69562417.0,,,,,,,,,,,,,,,,,,,,,,,,,,,,,,,,,,,,,,,,,,,,,,,,,,,,,,,
17630119AR,,,AR,1999,SUMMIT UTILITIES ARKANSAS INC,SUMMIT UTILITIES ARKANSAS INC,,,eia_only,,,,0,1,,yes,CENTERPOINT ENERGY - ARKLA,eia:17630119AR,25186915.0,186235841.0,394339.0,16398586.0,90075164.0,49938.0,7780734.0,28634233.0,712.0,,,,,,,71089398.0,69353848.0,,,,,,,,,,,,,,,,,,,,,,,,,,,,,,,,,,,,,,,,,,,,,,,,,,,,,,,
17630119AR,603,AR,AR,2000,SUMMIT UTILITIES ARKANSAS INC,SUMMIT UTILITIES ARKANSAS INC,"RELIANT ENERGY ARKLA, DIV OF RELIANT ENERGY RESOUR",nan,matched,,primary,1,1,1,no,yes,CENTERPOINT ENERGY - ARKLA,eia:17630119AR,29756382.0,222540837.0,396894.0,20378761.0,105938385.0,50989.0,4306551.0,28046101.0,675.0,,,,,,,76942232.0,76833233.0,,11640.0,440682.0,436.0,65.0,803.0,5359.0,4533.0,444.0,444.0,,0.0,0.0,0.0,4533.0,0.0,0.0,42287.0,50358.0,20892.0,183130.0,144015.0,0.0,0.0,,0.0,0.0,0.0,,,,,,,,,,,,,,,,,,,,,,,,,,,2.17
17630119AR,603,AR OK LA TX,AR,2001,SUMMIT UTILITIES ARKANSAS INC,SUMMIT UTILITIES ARKANSAS INC,"RELIANT ENERGY ARKLA, DIV OF RELIANT ENERGY RESOUR",nan,matched,,additional,2,1,1,yes,yes,CENTERPOINT ENERGY - ARKLA,eia:17630119AR,,,,,,,,,,,,,,,,,,,19819.0,791276.0,479.0,65.0,1948.0,9352.0,7238.0,737.0,737.0,,0.0,0.0,0.0,6981.0,0.0,0.0,49429.0,55278.0,45738.0,371619.0,269212.0,0.0,0.0,,0.0,0.0,0.0,,,,,,,,,,,,,,,,,,,,,,,,,,,6.0
17630119AR,603,AR,AR,2001,SUMMIT UTILITIES ARKANSAS INC,SUMMIT UTILITIES ARKANSAS INC,"RELIANT ENERGY ARKLA, DIV OF RELIANT ENERGY RESOUR",nan,matched,,primary,2,1,1,no,yes,CENTERPOINT ENERGY - ARKLA,eia:17630119AR,,,,,,,,,,,,,,,,,,,12052.0,443987.0,435.0,65.0,803.0,5376.0,4935.0,438.0,438.0,,0.0,0.0,0.0,4935.0,0.0,0.0,35407.0,48434.0,15034.0,181079.0,164033.0,0.0,0.0,,0.0,0.0,0.0,,,,,,,,,,,,,,,,,,,,,,,,,,,6.2
17630119AR,603,AR OK TX LA,AR,2002,SUMMIT UTILITIES ARKANSAS INC,SUMMIT UTILITIES ARKANSAS INC,"RELIANT ENERGY ARKLA, DIV OF RELIANT ENERGY RESOUR",nan,matched,,additional,2,1,1,yes,yes,CENTERPOINT ENERGY - ARKLA,eia:17630119AR,,,,,,,,,,,,,,,,,,,18790.0,729174.0,442.0,63.0,1761.0,8534.0,7371.0,619.0,618.0,,0.0,0.0,0.0,7119.0,0.0,0.0,37091.0,52310.0,38412.0,337417.0,263944.0,0.0,0.0,,0.0,0.0,0.0,,,,,,,,,,,,,,,,,,,,,,,,,,,1.7
17630119AR,603,AR,AR,2002,SUMMIT UTILITIES ARKANSAS INC,SUMMIT UTILITIES ARKANSAS INC,"RELIANT ENERGY ARKLA, DIV OF RELIANT ENERGY RESOUR",nan,matched,,primary,2,1,1,no,yes,CENTERPOINT ENERGY - ARKLA,eia:17630119AR,26687129.0,254131868.0,387104.0,17961975.0,130013011.0,49360.0,2346197.0,17157951.0,504.0,,,,,,,72493818.0,71468239.0,,12264.0,445384.0,390.0,63.0,755.0,5368.0,5284.0,403.0,403.0,,0.0,0.0,1.0,5284.0,0.0,0.0,25213.0,46700.0,13164.0,179776.0,180531.0,0.0,0.0,,0.0,0.0,0.0,,,,,,,,,,,,,,,,,,,,,,,,,,,2.2
17630119AR,603,AR OK LA TX,AR,2003,SUMMIT UTILITIES ARKANSAS INC,SUMMIT UTILITIES ARKANSAS INC,"RELIANT ENERGY ARKLA, DIV OF RELIANT ENERGY RESOUR",nan,matched,,primary,1,1,1,yes,yes,CENTERPOINT ENERGY - ARKLA,eia:17630119AR,25825069.0,286354820.0,384705.0,17666024.0,137126756.0,48576.0,2383400.0,19497674.0,479.0,,,,,,,75914850.0,71249299.0,,19637.0,765537.0,405.0,47.0,1767.0,8633.0,8173.0,609.0,608.0,,0.0,0.0,3.0,7926.0,0.0,0.0,32563.0,43454.0,42927.0,351806.0,294787.0,0.0,0.0,,0.0,0.0,0.0,,,,,,,,,,,,,,,,,,,,,,,,,,,2.65
17630119AR,603,AR,AR,2004,SUMMIT UTILITIES ARKANSAS INC,SUMMIT UTILITIES ARKANSAS INC,"RELIANT ENERGY ARKLA, DIV OF RELIANT ENERGY RESOUR",nan,matched,,primary,1,1,1,no,yes,CENTERPOINT ENERGY - ARKLA,eia:17630119AR,23378919.0,290921056.0,384093.0,16319230.0,145055202.0,47995.0,2122175.0,20180396.0,446.0,,,,,,,69115731.0,66884757.0,,12806.0,450227.0,271.0,35.0,733.0,5386.0,6049.0,332.0,332.0,,0.0,0.0,0.0,6046.0,0.0,0.0,16886.0,31851.0,17298.0,180617.0,203575.0,0.0,0.0,,0.0,0.0,0.0,11084.0,0.0,0.0,0.0,0.0,0.0,0.0,593.0,1129.0,,,12806.0,450227.0,0.0,0.0,0.0,0.0,0.0,0.0,0.0,0.0,,,450227.0,,,2.72
17630119AR,603,AR,AR,2005,SUMMIT UTILITIES ARKANSAS INC,SUMMIT UTILITIES ARKANSAS INC,"RELIANT ENERGY ARKLA, DIV OF RELIANT ENERGY RESOUR",nan,matched,,primary,1,1,1,no,yes,CENTERPOINT ENERGY - ARKLA,eia:17630119AR,22782363.0,318062653.0,383267.0,16287765.0,159675638.0,47326.0,1813578.0,18187925.0,358.0,,,,,,,68485499.0,65882567.0,,12995.0,449954.0,265.0,33.0,599.0,5451.0,6313.0,334.0,334.0,,0.0,0.0,0.0,6308.0,0.0,0.0,10994.0,30215.0,16258.0,180293.0,212194.0,0.0,0.0,,0.0,0.0,0.0,11045.0,0.0,0.0,0.0,0.0,0.0,0.0,650.0,1300.0,,,12995.0,449954.0,0.0,0.0,0.0,0.0,0.0,0.0,0.0,0.0,,,449954.0,,,3.77
17630119AR,603,AR,AR,2006,SUMMIT UTILITIES ARKANSAS INC,SUMMIT UTILITIES ARKANSAS INC,"RELIANT ENERGY ARKLA, DIV OF RELIANT ENERGY RESOUR",nan,matched,,primary,1,1,1,no,yes,CENTERPOINT ENERGY - ARKLA,eia:17630119AR,21619230.0,309298103.0,381076.0,16005409.0,166596339.0,46728.0,1739159.0,17938427.0,386.0,,,,,,,62452790.0,61601118.0,,13204.0,451688.0,255.0,33.0,633.0,5437.0,6577.0,269.0,269.0,,0.0,0.0,0.0,6572.0,0.0,0.0,8663.0,29935.0,14201.0,179571.0,219318.0,0.0,0.0,,0.0,0.0,0.0,10979.0,0.0,0.0,0.0,0.0,0.0,0.0,650.0,1575.0,,,13204.0,451688.0,0.0,0.0,0.0,0.0,0.0,0.0,0.0,0.0,,,451688.0,,,1.77
17630119AR,603,AR,AR,2007,SUMMIT UTILITIES ARKANSAS INC,SUMMIT UTILITIES ARKANSAS INC,"RELIANT ENERGY ARKLA, DIV OF RELIANT ENERGY RESOUR",nan,matched,,primary,1,1,1,no,yes,CENTERPOINT ENERGY - ARKLA,eia:17630119AR,21568644.0,292126634.0,380878.0,15696460.0,155728522.0,46576.0,1456616.0,14606916.0,323.0,,,,,,,63010749.0,62533525.0,,13281.0,452615.0,319.0,32.0,596.0,5386.0,6710.0,238.0,238.0,,0.0,0.0,0.0,6705.0,0.0,0.0,8235.0,29586.0,12159.0,176561.0,226074.0,0.0,0.0,,0.0,0.0,0.0,10979.0,0.0,0.0,0.0,0.0,0.0,0.0,650.0,1652.0,,,13281.0,452615.0,0.0,0.0,0.0,0.0,0.0,0.0,0.0,0.0,,,452615.0,,,0.43
17630119AR,603,AR,AR,2008,SUMMIT UTILITIES ARKANSAS INC,SUMMIT UTILITIES ARKANSAS INC,"RELIANT ENERGY ARKLA, DIV OF RELIANT ENERGY RESOUR",nan,matched,,primary,1,1,1,no,yes,CENTERPOINT ENERGY - ARKLA,eia:17630119AR,23550056.0,357905009.0,378538.0,16351599.0,190760315.0,46180.0,1362116.0,16179868.0,348.0,,,,,,,66652766.0,65201612.0,,13323.0,452635.0,300.0,30.0,473.0,5455.0,6852.0,213.0,213.0,,0.0,0.0,0.0,6848.0,0.0,0.0,6923.0,29328.0,10222.0,175142.0,231020.0,0.0,0.0,,0.0,0.0,0.0,10879.0,0.0,0.0,0.0,0.0,0.0,0.0,650.0,1794.0,,,13323.0,452635.0,0.0,0.0,0.0,0.0,0.0,0.0,0.0,0.0,,,452635.0,,,2.3
17630119AR,603,AR,AR,2009,SUMMIT UTILITIES ARKANSAS INC,SUMMIT UTILITIES ARKANSAS INC,"RELIANT ENERGY ARKLA, DIV OF RELIANT ENERGY RESOUR",nan,matched,,primary,1,1,1,no,yes,CENTERPOINT ENERGY - ARKLA,eia:17630119AR,22227537.0,325408398.0,375907.0,14944716.0,171262708.0,46138.0,1147385.0,12967610.0,316.0,,,,,,,62182620.0,60219315.0,,13414.0,452136.0,288.0,16.0,448.0,5485.0,6980.0,197.0,197.0,,0.0,0.0,0.0,6975.0,0.0,0.0,4489.0,27685.0,9951.0,175048.0,234963.0,0.0,0.0,,0.0,0.0,0.0,10405.0,269.0,0.0,6.0,3.0,6.0,21.0,650.0,2054.0,,,13414.0,452136.0,0.0,0.0,0.0,0.0,0.0,0.0,0.0,0.0,,,452136.0,,,0.0
17630119AR,603,AR,AR,2010,SUMMIT UTILITIES ARKANSAS INC,SUMMIT UTILITIES ARKANSAS INC,"RELIANT ENERGY ARKLA, DIV OF RELIANT ENERGY RESOUR",nan,matched,,primary,1,1,1,no,yes,CENTERPOINT ENERGY - ARKLA,eia:17630119AR,23776999.0,303137975.0,369989.0,14851250.0,141372769.0,45236.0,770988.0,7516592.0,303.0,,,,,,,63880253.0,64298933.0,75440.0,13462.0,452074.0,251.0,6.0,445.0,5484.0,7093.0,183.0,183.0,,0.0,0.0,0.0,7089.0,0.0,0.0,3248.0,27468.0,7199.0,173769.0,240390.0,0.0,0.0,,0.0,0.0,0.0,10436.0,269.0,0.0,6.0,3.0,6.0,21.0,527.0,2093.0,101.0,,13462.0,444041.0,0.0,0.0,0.0,0.0,0.0,88.0,1110.0,6683.0,152.0,,452074.0,1235.0,124196.0,0.26
17630119AR,603,AR,AR,2011,SUMMIT UTILITIES ARKANSAS INC,SUMMIT UTILITIES ARKANSAS INC,"RELIANT ENERGY ARKLA, DIV OF RELIANT ENERGY RESOUR",nan,matched,,primary,1,1,1,no,yes,CENTERPOINT ENERGY - ARKLA,eia:17630119AR,21888538.0,274647969.0,371903.0,13398631.0,126697056.0,45090.0,489116.0,4686100.0,278.0,,,,,,,61290352.0,63144160.0,70237.0,13534.0,451231.0,249.0,6.0,380.0,5525.0,7212.0,162.0,162.0,,0.0,0.0,0.0,7207.0,0.0,0.0,2121.0,27272.0,4702.0,172568.0,244568.0,0.0,0.0,,0.0,0.0,0.0,10049.0,0.0,0.0,39.0,17.0,25.0,41.0,1030.0,2096.0,237.0,,13534.0,407203.0,232.0,386.0,534.0,537.0,1063.0,6267.0,8536.0,22216.0,4257.0,,451231.0,1197.0,130432.0,2.06
17630119AR,603,AR,AR,2012,SUMMIT UTILITIES ARKANSAS INC,SUMMIT UTILITIES ARKANSAS INC,"RELIANT ENERGY ARKLA, DIV OF RELIANT ENERGY RESOUR",nan,matched,,primary,1,1,1,no,yes,CENTERPOINT ENERGY - ARKLA,eia:17630119AR,16967091.0,216070011.0,368836.0,10736552.0,86512545.0,45686.0,365210.0,2882856.0,253.0,,,,,,,54445857.0,55311814.0,1451788.0,13545.0,449039.0,225.0,3.0,344.0,5521.0,7307.0,145.0,145.0,,0.0,0.0,0.0,7304.0,0.0,0.0,994.0,27095.0,2205.0,171521.0,247224.0,0.0,0.0,,0.0,0.0,0.0,9117.0,1.0,9.0,59.0,115.0,150.0,374.0,1288.0,2090.0,342.0,,13545.0,360842.0,1274.0,1450.0,2035.0,1938.0,2474.0,12450.0,18505.0,38304.0,9767.0,,449039.0,1309.0,138071.0,0.45
17630119AR,603,AR,AR,2013,SUMMIT UTILITIES ARKANSAS INC,SUMMIT UTILITIES ARKANSAS INC,"RELIANT ENERGY ARKLA, DIV OF RELIANT ENERGY RESOUR",nan,matched,,primary,1,1,1,no,yes,CENTERPOINT ENERGY - ARKLA,eia:17630119AR,22300456.0,253092478.0,366982.0,12976696.0,101590234.0,45594.0,373570.0,2943097.0,241.0,,,,,,,65010075.0,64397402.0,1706735.0,13592.0,449604.0,177.0,3.0,332.0,5520.0,7457.0,103.0,103.0,,0.0,0.0,0.0,7456.0,0.0,0.0,206.0,26922.0,456.0,170496.0,251524.0,0.0,0.0,,0.0,0.0,0.0,8230.0,1.0,10.0,67.0,155.0,265.0,672.0,1595.0,2083.0,514.0,,13592.0,317271.0,1284.0,1428.0,2015.0,2305.0,2869.0,17549.0,29672.0,57097.0,18114.0,,449604.0,1168.0,147390.0,0.49
17630119AR,603,AR,AR,2014,SUMMIT UTILITIES ARKANSAS INC,SUMMIT UTILITIES ARKANSAS INC,"RELIANT ENERGY ARKLA, DIV OF RELIANT ENERGY RESOUR",nan,matched,,primary,1,1,1,no,yes,CENTERPOINT ENERGY - ARKLA,eia:17630119AR,24454045.0,272668840.0,365201.0,14566211.0,116562339.0,45551.0,370758.0,2958738.0,215.0,,,,,,,67937920.0,68651066.0,1769027.0,13626.187,450546.0,158.7,3.0,290.3,5528.449,7567.93,77.8,77.8,,0.0,0.008,0.0,7567.155,0.0,0.0,203.0,26477.0,448.0,167679.0,255729.0,4.0,4.0,,0.0,6.0,0.0,7015.905,1.237,10.565,72.257,161.443,439.116,1344.457,1867.218,2072.58,641.409,,13626.187,292937.0,1766.0,1939.0,3106.0,2909.0,3129.0,19252.0,36396.0,62915.0,26197.0,,450546.0,1184.0,155038.0,0.0
17630119AR,603,AR,AR,2015,SUMMIT UTILITIES ARKANSAS INC,SUMMIT UTILITIES ARKANSAS INC,"RELIANT ENERGY ARKLA, DIV OF RELIANT ENERGY RESOUR",Investor Owned,matched,,primary,1,1,1,no,yes,CENTERPOINT ENERGY - ARKLA,eia:17630119AR,21120290.0,247789379.0,363810.0,12620908.0,99764852.0,45418.0,215178.0,1711370.0,140.0,,,,,,,60747062.0,62088647.0,1525190.0,13652.427,450537.0,134.6,3.0,273.4,5495.645,7696.15,49.624,49.624,0.0,0.0,0.008,0.0,7695.838,0.0,0.0,200.0,26037.0,441.0,164891.0,258968.0,0.0,0.0,0.0,0.0,0.0,0.0,5395.747,6.912,41.099,228.965,584.743,809.745,1656.623,2100.438,2003.969,824.186,,13652.427,292931.0,1766.0,1939.0,3106.0,2909.0,3129.0,19252.0,36395.0,62914.0,26196.0,,450537.0,1170.0,135655.0,1.65
17630119AR,603,AR,AR,2016,SUMMIT UTILITIES ARKANSAS INC,SUMMIT UTILITIES ARKANSAS INC,"RELIANT ENERGY ARKLA, DIV OF RELIANT ENERGY RESOUR",Investor Owned,matched,,primary,1,1,1,no,yes,CENTERPOINT ENERGY - ARKLA,eia:17630119AR,16902313.0,195716979.0,362673.0,10478087.0,70654823.0,45253.0,88836.0,599407.0,88.0,,,,,,,56740568.0,55114156.0,1421157.0,13688.179,449578.0,85.304,18.096,261.6,5488.507,7813.046,21.626,21.626,0.0,0.0,0.0,0.0,7812.734,0.0,0.0,196.0,25477.0,432.0,161350.0,262123.0,0.0,0.0,0.0,0.0,0.0,0.0,3679.51,14.604,122.424,434.927,1062.654,1154.815,1990.77,2234.747,2004.391,989.337,,13688.179,292308.0,1762.0,1935.0,3099.0,2903.0,3122.0,19211.0,36318.0,62780.0,26140.0,,449578.0,1189.0,147435.0,2.7
17630119AR,603,AR,AR,2017,SUMMIT UTILITIES ARKANSAS INC,SUMMIT UTILITIES ARKANSAS INC,"RELIANT ENERGY ARKLA, DIV OF RELIANT ENERGY RESOUR",Investor Owned,matched,,primary,1,1,1,no,yes,CENTERPOINT ENERGY - ARKLA,eia:17630119AR,15864559.0,213809004.0,361648.0,10149283.0,80484950.0,45210.0,64128.0,510358.0,82.0,,,,,,,54583834.0,55109329.0,1367548.0,13696.255,448303.0,71.37,17.248,242.0,5439.704,7924.419,1.514,1.514,0.0,0.0,0.0,0.0,7924.203,0.0,0.0,192.0,24962.0,423.0,158090.0,264636.0,0.0,0.0,0.0,0.0,0.0,0.0,3186.445,14.97,131.148,444.421,1185.312,1199.689,2100.502,2302.625,2004.256,1126.887,,13696.255,291478.0,1757.0,1930.0,3090.0,2895.0,3113.0,19157.0,36215.0,62602.0,26066.0,,448303.0,1196.0,149070.0,1.74
17630119AR,603,AR,AR,2018,SUMMIT UTILITIES ARKANSAS INC,SUMMIT UTILITIES ARKANSAS INC,"RELIANT ENERGY ARKLA, DIV OF RELIANT ENERGY RESOUR",Investor Owned,matched,,primary,1,1,1,no,yes,CENTERPOINT ENERGY - ARKLA,eia:17630119AR,21506165.0,265640819.0,360762.0,13248591.0,101317839.0,45234.0,98143.0,736282.0,82.0,,,,,,,66450574.0,66418991.0,1577563.0,13725.918,448269.0,58.969,15.302,222.9,5424.173,8004.574,0.0,0.0,0.0,0.0,0.0,0.0,8004.574,0.0,0.0,190.0,24643.0,418.0,156072.0,266946.0,0.0,0.0,0.0,0.0,0.0,0.0,2899.997,14.315,136.448,474.238,1242.288,1269.751,2154.347,2297.741,1993.102,1243.691,,13725.918,291455.0,1757.0,1930.0,3090.0,2895.0,3113.0,19156.0,36212.0,62597.0,26064.0,,448269.0,1191.0,148839.0,0.39
17630119AR,603,AR,AR,2019,SUMMIT UTILITIES ARKANSAS INC,SUMMIT UTILITIES ARKANSAS INC,"RELIANT ENERGY ARKLA, DIV OF RELIANT ENERGY RESOUR",Investor Owned,matched,,primary,1,1,1,no,yes,CENTERPOINT ENERGY - ARKLA,eia:17630119AR,20585902.0,231822054.0,360623.0,12745903.0,92788384.0,45110.0,82505.0,600322.0,78.0,,,,,,,63869789.0,64446961.0,1514816.0,13773.469,448365.0,1.96,59.281,56.2,5562.266,8093.762,0.0,0.0,0.0,0.0,0.0,0.0,8093.762,0.0,0.0,187.0,24300.0,412.0,153897.0,269569.0,0.0,0.0,0.0,0.0,0.0,0.0,2870.67,11.475,131.626,468.341,1235.436,1256.53,2146.148,2299.443,1993.572,1360.228,,13773.469,291517.0,1757.0,1930.0,3091.0,2896.0,3114.0,19160.0,36220.0,62610.0,26070.0,,448365.0,1088.0,144081.0,1.64
17630119AR,603,AR,AR,2020,SUMMIT UTILITIES ARKANSAS INC,SUMMIT UTILITIES ARKANSAS INC,"RELIANT ENERGY ARKLA, DIV OF RELIANT ENERGY RESOUR",Investor Owned,matched,,primary,1,1,1,no,yes,CENTERPOINT ENERGY - ARKLA,eia:17630119AR,18387654.0,223562409.0,364518.0,11431210.0,76316429.0,45185.0,73277.0,475768.0,74.0,,,,,,,50216580.0,60741009.0,1485231.0,13784.959,446852.0,1.954,54.111,54.878,5523.573,8150.443,0.0,0.0,0.0,0.0,0.0,0.0,8150.443,0.0,0.0,186.0,24116.0,409.0,152728.0,269413.0,0.0,0.0,0.0,0.0,0.0,0.0,2840.839,10.649,129.013,464.554,1227.59,1249.111,2140.279,2291.617,1990.697,1388.622,51.988,13784.959,146125.0,3559.0,3458.0,5088.0,8108.0,10827.0,34683.0,60606.0,104309.0,66241.0,3848.0,446852.0,1024.0,144643.0,0.79
17630119AR,603,AR,AR,2021,SUMMIT UTILITIES ARKANSAS INC,SUMMIT UTILITIES ARKANSAS INC,"RELIANT ENERGY ARKLA, DIV OF RELIANT ENERGY RESOUR",Investor Owned,matched,,primary,1,1,1,no,yes,CENTERPOINT ENERGY - ARKLA,eia:17630119AR,21019122.0,252835050.0,365616.0,12931436.0,96703830.0,45340.0,70507.0,566569.0,68.0,,,,,,,65820600.0,65791067.0,1373768.0,13856.379,496819.0,1.954,40.98,46.392,5486.368,8280.685,0.0,0.0,0.0,0.0,0.0,0.0,8280.685,0.0,0.0,1.0,107.0,733.0,85823.0,397300.0,0.0,0.0,0.0,0.0,0.0,12855.0,2798.798,8.934,121.324,471.322,1209.224,1235.12,2125.792,2292.245,1986.034,1435.365,172.221,13856.379,74055.0,8238.0,8124.0,11085.0,14194.0,15909.0,46231.0,73664.0,125765.0,102541.0,17013.0,496819.0,1430.0,153977.0,0.66
17630119AR,603,AR,AR,2022,SUMMIT UTILITIES ARKANSAS INC,SUMMIT UTILITIES ARKANSAS INC,"RELIANT ENERGY ARKLA, DIV OF RELIANT ENERGY RESOUR",Investor Owned,matched,,primary,1,1,1,no,yes,CENTERPOINT ENERGY - ARKLA,eia:17630119AR,19039653.0,305354705.0,361429.0,12228806.0,143558341.0,45111.0,103248.0,1130025.0,61.0,,,,,,,65587609.0,63177409.0,1386849.0,13894.526,507980.0,1.954,31.502,41.431,5456.617,8363.022,0.0,0.0,0.0,0.0,0.0,0.0,8363.022,0.0,0.0,0.0,109.0,485.0,85238.0,409290.0,0.0,0.0,0.0,0.0,0.0,12858.0,2774.028,8.329,115.5,466.414,1196.939,1222.574,2115.998,2285.273,1982.128,1440.13,287.213,13894.526,74751.0,8212.0,7993.0,11002.0,14041.0,15634.0,46074.0,73401.0,125097.0,103225.0,28550.0,507980.0,1625.0,175934.0,0.0
17630119AR,603,AR,AR,2023,SUMMIT UTILITIES ARKANSAS INC,SUMMIT UTILITIES ARKANSAS INC,"RELIANT ENERGY ARKLA, DIV OF RELIANT ENERGY RESOUR",Investor Owned,matched,,primary,1,1,1,no,yes,CENTERPOINT ENERGY - ARKLA,eia:17630119AR,17193986.0,289186818.0,364930.0,11560550.0,131438086.0,45455.0,62603.0,692500.0,60.0,,,,,,,58585849.0,60238271.0,1475748.0,13909.078,508629.0,1.899,28.581,25.452,5436.794,8416.352,0.0,0.0,0.0,0.0,0.0,0.0,8416.352,0.0,0.0,0.0,109.0,475.0,85202.0,410002.0,0.0,0.0,0.0,0.0,0.0,12841.0,2759.193,8.279,111.57,457.103,1191.142,1216.905,2108.309,2285.037,1978.975,1443.024,349.538,13909.075,74833.0,8212.0,7993.0,10999.0,14022.0,15618.0,46026.0,73359.0,125002.0,103163.0,29402.0,508629.0,1337.0,188787.0,3.32
17630119AR,603,AR,AR,2024,SUMMIT UTILITIES ARKANSAS INC,SUMMIT UTILITIES ARKANSAS INC,"RELIANT ENERGY ARKLA, DIV OF RELIANT ENERGY RESOUR",Investor Owned,matched,,primary,1,1,1,no,yes,CENTERPOINT ENERGY - ARKLA,eia:17630119AR,16562391.0,241914575.0,358198.0,11116042.0,96777104.0,44999.0,61821.0,531704.0,54.0,,,,,,,56129377.0,58980535.0,1444992.0,13926.48,508042.0,1.82,20.61,17.8,5392.52,8493.73,0.0,0.0,0.0,0.0,0.0,0.0,8493.73,0.0,0.0,0.0,116.0,473.0,85070.0,409614.0,0.0,0.0,0.0,0.0,0.0,12769.0,2679.15,9.22,109.86,470.78,1182.57,1204.22,2100.94,2283.19,1972.93,1442.45,471.18,13926.49,74705.0,8198.0,7992.0,11015.0,13960.0,15565.0,45738.0,73229.0,124847.0,103062.0,29731.0,508042.0,1298.0,203312.0,0.64
17630119AR,603,AR,AR,2025,SUMMIT UTILITIES ARKANSAS INC,SUMMIT UTILITIES ARKANSAS INC,"RELIANT ENERGY ARKLA, DIV OF RELIANT ENERGY RESOUR",Investor Owned,matched,,primary,1,1,1,no,yes,CENTERPOINT ENERGY - ARKLA,eia:17630119AR,,,,,,,,,,,,,,,,,,,13939.73,509410.0,1.82,16.24,14.24,5370.79,8536.64,0.0,0.0,0.0,0.0,0.0,0.0,8536.64,0.0,0.0,,116.0,473.0,84914.0,411252.0,0.0,0.0,0.0,0.0,0.0,12655.0,2633.78,8.91,108.89,483.17,1172.23,1201.63,2094.88,2279.04,1969.89,1441.77,545.54,13939.73,74422.0,8190.0,7992.0,10996.0,13917.0,15513.0,45577.0,73065.0,124506.0,102755.0,32477.0,509410.0,1131.0,207099.0,2.03
